✅ 980241 / March & Polonaise arranged as a rondo / ARRANGEMENT / Categorias: 0 / 
✅ 1236922 / March 'The Politician' / INDIVIDUAL / Categorias: 0 / 
✅ 1424292 / March 'vom ersten Bataillon Garde-Regiments in Hannover', W.B 88 / COLLECTED_WORKS / Categorias: 0 / 
✅ 1424293 / March 'vom zweiten Bataillon Garde-Regiments in Hannover', W.B 89 / COLLECTED_WORKS / Categorias: 0 / 
✅ 1424286 / March 'zu Fuss', W.B 87 / COLLECTED_WORKS / Categorias: 0 / 
❌ 1424287 / Erro ao salvar:
✅ 1151840 / March / INDIVIDUAL / Categorias: 0 / 
❌ 210319 / Compositor não encontrado: Kimberling, Clark
❌ 361398 / Compositor não encontrado: Shuo, Yuwen
❌ 764411 / Compositor não encontrado: Clark, Scotson
❌ 906401 / Compositor não encontrado: Simon, Walter Cleveland
✅ 1148320 / March Brillant / INDIVIDUAL / Categorias: 0 / 
❌ 335161 / Compositor não encontrado: Helmsmüller, F.B.
❌ 868255 / Compositor não encontrado: MacLean, Hector Roderick
❌ 501376 / Compositor não encontrado: Lovas, Imre
❌ 1128088 / Compositor não encontrado: Pinner, Leo
✅ 307438 / March Heroic, Op.123 / INDIVIDUAL / Categorias: 0 / 
❌ 1040025 / Compositor não encontrado: Bagley, Edwin Eugene
❌ 1115530 / Compositor não encontrado: Hobbs, H. Clifford
✅ 13297 / March Majestic / INDIVIDUAL / Categorias: 0 / 
✅ 424080 / March Militaire for Four Hands / INDIVIDUAL / Categorias: 0 / 
❌ 1040019 / Compositor não encontrado: Rosey, George
✅ 513900 / March No.1 for Piano 4-Hands / INDIVIDUAL / Categorias: 0 / 
❌ 409605 / Compositor não encontrado: Johnston, Walter Russel
❌ 1184326 / Compositor não encontrado: Griffin, George Eugene
✅ 676684 / March No.3, Op.47 / INDIVIDUAL / Categorias: 0 / 
❌ 1482890 / Compositor não encontrado: Jones-Stubbs
✅ 1361211 / March On, Brave Lads, March On! / INDIVIDUAL / Categorias: 0 / 
✅ 35901 / March Past of the National Fencibles / INDIVIDUAL / Categorias: 0 / 
✅ 35903 / March Past of the Rifle Regiment / INDIVIDUAL / Categorias: 0 / 
❌ March Pompous (St. Clair, Floyd J) / Compositor não encontrado: St. Clair, Floyd J
❌ 565406 / Compositor não encontrado: St. Clair, Floyd J.
❌ 1115567 / Compositor não encontrado: Chambers, William Paris
✅ 973482 / March Rhapsody / INDIVIDUAL / Categorias: 0 / 
❌ 82421 / Compositor não encontrado: Shigeta, Takuya
❌ 1016107 / Compositor não encontrado: Wiggins, Thomas "Blind Tom"
✅ 1148935 / March Triumphant / INDIVIDUAL / Categorias: 0 / 
✅ 797070 / March Victorious / INDIVIDUAL / Categorias: 0 / 
❌ 1115574 / Compositor não encontrado: Metzger-Wright, Mabel
❌ 894714 / Compositor não encontrado: Shigeta, Takuya
❌ 673032 / Compositor não encontrado: Pridham, John
❌ 549033 / Compositor não encontrado: Clarke, Jeremiah
✅ 973704 / March and Gallops-March / COLLECTED_WORKS / Categorias: 0 / 
❌ 1229470 / Compositor não encontrado: Steil, William Henry
✅ 189653 / March and Military Rondo / INDIVIDUAL / Categorias: 0 / 
✅ 1230347 / March and Pastoral Rondo / INDIVIDUAL / Categorias: 0 / 
❌ 1197696 / Compositor não encontrado: Tomlins, Thomas
❌ 31087 / Compositor não encontrado: Herz, Henri
❌ 1194200 / Compositor não encontrado: Wang, Ziyao
✅ 1181172 / March and Waltz / INDIVIDUAL / Categorias: 0 / 
✅ 731638 / March for 2 pianos, Op.220 / INDIVIDUAL / Categorias: 0 / 
❌ 1345427 / Compositor não encontrado: Seraphinoff, Richard
✅ 1406680 / March for 7-String Guitar / INDIVIDUAL / Categorias: 0 / 
❌ 656660 / Compositor não encontrado: Handel, George Frideric
❌ 656656 / Compositor não encontrado: Handel, George Frideric
✅ 1374056 / March for Independence Day, FL.65abis / INDIVIDUAL / Categorias: 0 / 
✅ 17192 / March for Military Band, WoO 20 / INDIVIDUAL / Categorias: 0 / 
✅ 106688 / March for Military Band, WoO 24 / INDIVIDUAL / Categorias: 0 / 
✅ 1441509 / March for Organ, Op.33 / INDIVIDUAL / Categorias: 0 / 
✅ 1431067 / March for Procession / INDIVIDUAL / Categorias: 0 / 
✅ 286208 / March for Wind Band, Op.76 / INDIVIDUAL / Categorias: 0 / 
✅ 17201 / March for Wind Sextet in B-flat major, WoO 29 / INDIVIDUAL / Categorias: 0 / 
✅ 912585 / March for a Childrens' Festival / INDIVIDUAL / Categorias: 0 / 
✅ 77197 / March for a Church Festival / INDIVIDUAL / Categorias: 0 / 
❌ 214316 / Compositor não encontrado: Fletcher, Roger
❌ 755225 / Compositor não encontrado: Gildon, John
✅ 1304998 / March for the Regiment of Nottinghamshire Militia / INDIVIDUAL / Categorias: 0 / 
✅ 57168 / March for the ballet 'L'éventail de Jeanne' / COLLECTED_WORKS / Categorias: 0 / 
❌ 663424 / Compositor não encontrado: Dorn, Charles James
❌ March from Joshua, HVW 64 (Handel, George Frideric) / Compositor não encontrado: Handel, George Frideric
✅ 309583 / March from Moses in Egypt, Op.1113 / INDIVIDUAL / Categorias: 0 / 
✅ 835683 / March in A major, MS 103 / INDIVIDUAL / Categorias: 0 / 
✅ 851816 / March in A-flat major / INDIVIDUAL / Categorias: 0 / 
✅ 878290 / March in B minor, D.757a / INDIVIDUAL / Categorias: 0 / 
✅ 191637 / March in B-flat major / INDIVIDUAL / Categorias: 0 / 
❌ 811207 / Compositor não encontrado: Mozart, Wolfgang Amadeus
✅ 363647 / March in B-flat major, ULB Mus Ms 1223-11 / INDIVIDUAL / Categorias: 0 / 
✅ 363669 / March in B-flat major, ULB Mus Ms 1223-30 / INDIVIDUAL / Categorias: 0 / 
✅ 1371085 / March in C Dorian mode, CCW12 / INDIVIDUAL / Categorias: 0 / 
❌ 1008343 / Compositor não encontrado: Schein, Andreas
✅ 630041 / March in C major / INDIVIDUAL / Categorias: 0 / 
❌ 159736 / Compositor não encontrado: Mozart, Wolfgang Amadeus
❌ 363611 / Compositor não encontrado: Wagner, Karl Jacob
✅ 363659 / March in C major, ULB Mus Ms 1223-25 / INDIVIDUAL / Categorias: 0 / 
✅ 363661 / March in C major, ULB Mus Ms 1223-26 / INDIVIDUAL / Categorias: 0 / 
✅ 363665 / March in C major, ULB Mus Ms 1223-28 / INDIVIDUAL / Categorias: 0 / 
✅ 363667 / March in C major, ULB Mus Ms 1223-29 / INDIVIDUAL / Categorias: 0 / 
✅ 438429 / March in C major, US-LOu Profana 252 / INDIVIDUAL / Categorias: 0 / 
✅ 445004 / March in C major, Z.647 / INDIVIDUAL / Categorias: 0 / 
✅ 445010 / March in C major, Z.648 / INDIVIDUAL / Categorias: 0 / 
✅ 1285849 / March in C major, ZT 687 / INDIVIDUAL / Categorias: 0 / 
✅ 62500 / March in C minor, Op.21 / INDIVIDUAL / Categorias: 0 / 
❌ 1202506 / Compositor não encontrado: Beecke, Ignaz von
❌ 1213443 / Compositor não encontrado: Benaut, Josse-François-Joseph
✅ 681083 / March in D major / INDIVIDUAL / Categorias: 0 / 
✅ 1487975 / March in D major, EngK 194 / INDIVIDUAL / Categorias: 0 / 
✅ 1487978 / March in D major, EngK 195 / INDIVIDUAL / Categorias: 0 / 
❌ 654850 / Compositor não encontrado: Handel, George Frideric
❌ 654932 / Compositor não encontrado: Handel, George Frideric
❌ 678793 / Compositor não encontrado: Handel, George Frideric
❌ 159730 / Compositor não encontrado: Mozart, Wolfgang Amadeus
❌ 159740 / Compositor não encontrado: Mozart, Wolfgang Amadeus
❌ 159744 / Compositor não encontrado: Mozart, Wolfgang Amadeus
❌ 159752 / Compositor não encontrado: Mozart, Wolfgang Amadeus
❌ 159756 / Compositor não encontrado: Mozart, Wolfgang Amadeus
❌ 159815 / Compositor não encontrado: Mozart, Wolfgang Amadeus
✅ 51609 / March in D major, Op.108 / INDIVIDUAL / Categorias: 0 / 
❌ 363617 / Compositor não encontrado: Chiarini, Pietro
✅ 361093 / March in D minor / INDIVIDUAL / Categorias: 0 / 
✅ 156679 / March in D minor, WAB 96 / INDIVIDUAL / Categorias: 0 / 
✅ 7777 / March in E major, D.606 / INDIVIDUAL / Categorias: 0 / 
✅ 1262925 / March in E-flat major / INDIVIDUAL / Categorias: 0 / 
✅ 1300847 / March in E-flat major, EngK 196 / INDIVIDUAL / Categorias: 0 / 
✅ 1311878 / March in E-flat major, EngK 197 / INDIVIDUAL / Categorias: 0 / 
✅ 1311877 / March in E-flat major, EngK 198 / INDIVIDUAL / Categorias: 0 / 
✅ 156070 / March in E-flat major, F.30 / INDIVIDUAL / Categorias: 0 / 
✅ 326997 / March in E-flat major, H deest / INDIVIDUAL / Categorias: 0 / 
✅ 363623 / March in E-flat major, ULB Mus Ms 1223-03 / INDIVIDUAL / Categorias: 0 / 
✅ 363625 / March in E-flat major, ULB Mus Ms 1223-04 / INDIVIDUAL / Categorias: 0 / 
✅ 363627 / March in E-flat major, ULB Mus Ms 1223-05 / INDIVIDUAL / Categorias: 0 / 
✅ 363629 / March in E-flat major, ULB Mus Ms 1223-06 / INDIVIDUAL / Categorias: 0 / 
✅ 363649 / March in E-flat major, ULB Mus Ms 1223-14 / INDIVIDUAL / Categorias: 0 / 
✅ 363651 / March in E-flat major, ULB Mus Ms 1223-15 / INDIVIDUAL / Categorias: 0 / 
✅ 363652 / March in E-flat major, ULB Mus Ms 1223-16 / INDIVIDUAL / Categorias: 0 / 
✅ 712590 / March in E-flat major, WoO 209 / INDIVIDUAL / Categorias: 0 / 
❌ 1152149 / Compositor não encontrado: Bohuszewicz, Edward Balthazar
❌ 1202477 / Compositor não encontrado: Beecke, Ignaz von
❌ 433499 / Compositor não encontrado: Berkahn, Samuel James
✅ 1152157 / March in F major / INDIVIDUAL / Categorias: 0 / 
❌ 654925 / Compositor não encontrado: Handel, George Frideric
❌ 159748 / Compositor não encontrado: Mozart, Wolfgang Amadeus
✅ 363656 / March in F major, ULB Mus Ms 1223-18 / INDIVIDUAL / Categorias: 0 / 
✅ 301403 / March in F major, W.A 22 / INDIVIDUAL / Categorias: 0 / 
❌ 1300765 / Compositor não encontrado: Dubez, Johann
❌ 798138 / Compositor não encontrado: Akeroyde, Samuel
❌ 876868 / Compositor não encontrado: Boden, Andrew David
❌ 654936 / Compositor não encontrado: Handel, George Frideric
✅ 363663 / March in G major, ULB Mus Ms 1223-27 / INDIVIDUAL / Categorias: 0 / 
✅ 1232827 / March in Imitation of a Military Band / INDIVIDUAL / Categorias: 0 / 
✅ 753456 / March in the old Irish style / INDIVIDUAL / Categorias: 0 / 
✅ 771099 / March of Peace / INDIVIDUAL / Categorias: 0 / 
❌ 604698 / Compositor não encontrado: Williams, Frederick Arthur
❌ 1115565 / Compositor não encontrado: Carroll, Francis
✅ 545407 / March of Youth / INDIVIDUAL / Categorias: 0 / 
✅ 513869 / March of the Amazons / INDIVIDUAL / Categorias: 0 / 
✅ 1447451 / March of the Bay Area Music Circle / INDIVIDUAL / Categorias: 0 / 
✅ 167696 / March of the Boy Scouts / INDIVIDUAL / Categorias: 0 / 
✅ 1032385 / March of the Dwarfs / INDIVIDUAL / Categorias: 0 / 
✅ 1274957 / March of the First / INDIVIDUAL / Categorias: 0 / 
❌ 1196328 / Compositor não encontrado: Holloway, John
✅ 113267 / March of the Goblins / INDIVIDUAL / Categorias: 0 / 
❌ 1444713 / Compositor não encontrado: Worley, Charles R.
✅ 513021 / March of the Indian Phantoms, Op.80 / INDIVIDUAL / Categorias: 0 / 
❌ 412502 / Compositor não encontrado: Shinn, George
✅ 502986 / March of the Krolls / INDIVIDUAL / Categorias: 0 / 
❌ 815395 / Compositor não encontrado: Boden, Andrew David
✅ 555516 / March of the Manikins / INDIVIDUAL / Categorias: 0 / 
❌ 1115557 / Compositor não encontrado: Savino, Domenico
❌ 412499 / Compositor não encontrado: Shinn, George
❌ 937339 / Compositor não encontrado: Rochard, Jules
✅ 1510243 / March of the Mighty / INDIVIDUAL / Categorias: 0 / 
✅ 616487 / March of the Minute Men / INDIVIDUAL / Categorias: 0 / 
✅ 179629 / March of the Monks of Bangor / INDIVIDUAL / Categorias: 0 / 
✅ 1477338 / March of the Orient, Op.11 / INDIVIDUAL / Categorias: 0 / 
❌ 1115560 / Compositor não encontrado: Peterson, George
✅ 519885 / March of the Pilgrims / INDIVIDUAL / Categorias: 0 / 
❌ 1356408 / Compositor não encontrado: Shand, Ernest
✅ 657181 / March of the Red Army, Op.64 / INDIVIDUAL / Categorias: 0 / 
✅ 780158 / March of the Royal Trumpets / INDIVIDUAL / Categorias: 0 / 
❌ 395212 / Compositor não encontrado: Cui, César
✅ 1361187 / March of the Scouts / INDIVIDUAL / Categorias: 0 / 
❌ 294085 / Compositor não encontrado: Ørskov, Rasmus
❌ 1361201 / Compositor não encontrado: McElroy, Willis E.
✅ 1114704 / March of the Siamese / INDIVIDUAL / Categorias: 0 / 
✅ 1438660 / March of the Sinister Clowns / INDIVIDUAL / Categorias: 0 / 
✅ 630051 / March of the Sparrows / INDIVIDUAL / Categorias: 0 / 
❌ 1130490 / Compositor não encontrado: Jambor, Gergely Laszlo Matyas
❌ 917462 / Compositor não encontrado: Schminke, Oscar Eberhard
❌ 710381 / Compositor não encontrado: Matthews, John-Luke Mark
❌ 893904 / Compositor não encontrado: Steele, James Alexander
❌ 816354 / Compositor não encontrado: Thomas, John
✅ 163025 / March on Easter Themes / INDIVIDUAL / Categorias: 0 / 
✅ 938674 / March on Parade / INDIVIDUAL / Categorias: 0 / 
❌ 1054266 / Compositor não encontrado: Dolgorukov, Pavel
❌ 765551 / Compositor não encontrado: Torre, Salvador
❌ 961246 / Compositor não encontrado: Naegel, Dustin Sebastian
✅ 158137 / March with 10 Variations / INDIVIDUAL / Categorias: 0 / 
❌ 1064346 / Compositor não encontrado: Shigeta, Takuya
✅ 544403 / March! march! / INDIVIDUAL / Categorias: 0 / 
❌ 867384 / Compositor não encontrado: Hemmerlein, Joseph
❌ 1246235 / Compositor não encontrado: Esch, Louis von
✅ 701069 / March, HW 56 / INDIVIDUAL / Categorias: 0 / 
✅ 1241192 / March, Op.26 No.2 / INDIVIDUAL / Categorias: 0 / 
❌ 77217 / Compositor não encontrado: Duncan, Edmondstoune
❌ 1154745 / Compositor não encontrado: Shand, Ernest
✅ 778680 / March, Op.99 / INDIVIDUAL / Categorias: 0 / 
❌ 1170327 / Compositor não encontrado: Derwort, Georg Heinrich
✅ 247860 / March-Burlesque, EV 42 / INDIVIDUAL / Categorias: 0 / 
❌ 310899 / Compositor não encontrado: Reynolds, Jennie C.
✅ 1131094 / Marcha / INDIVIDUAL / Categorias: 0 / 
✅ 1454295 / Marcha Brazil / INDIVIDUAL / Categorias: 0 / 
✅ 1409575 / Marcha Española, Op.36 / INDIVIDUAL / Categorias: 0 / 
✅ 316386 / Marcha Fantástica / INDIVIDUAL / Categorias: 0 / 
✅ 748380 / Marcha Festiva 'Franz Schubert' / INDIVIDUAL / Categorias: 0 / 
❌ 748418 / Compositor não encontrado: Veloso, Pedro de Alcântara
✅ 748490 / Marcha Festiva 'São Sebastião' / INDIVIDUAL / Categorias: 0 / 
✅ 1495473 / Marcha Festiva / INDIVIDUAL / Categorias: 0 / 
❌ 748302 / Compositor não encontrado: Veloso, Pedro de Alcântara
✅ 1251742 / Marcha Fructal / INDIVIDUAL / Categorias: 0 / 
✅ 455267 / Marcha Funebre Brasileira / INDIVIDUAL / Categorias: 0 / 
✅ 1339374 / Marcha Fúnebre / INDIVIDUAL / Categorias: 0 / 
✅ 631112 / Marcha Fúnebre Arrependimento de São Dimas / INDIVIDUAL / Categorias: 0 / 
✅ 629368 / Marcha Fúnebre Condolências / INDIVIDUAL / Categorias: 0 / 
✅ 739492 / Marcha Fúnebre Costa Pinto / INDIVIDUAL / Categorias: 0 / 
✅ 852952 / Marcha Fúnebre Delfino / INDIVIDUAL / Categorias: 0 / 
✅ 843764 / Marcha Fúnebre Era uma vez / INDIVIDUAL / Categorias: 0 / 
✅ 844469 / Marcha Fúnebre Eterna Saudade / INDIVIDUAL / Categorias: 0 / 
✅ 739166 / Marcha Fúnebre Harpa de David / INDIVIDUAL / Categorias: 0 / 
✅ 625735 / Marcha Fúnebre In Pace / INDIVIDUAL / Categorias: 0 / 
✅ 632297 / Marcha Fúnebre Ione No.1 / INDIVIDUAL / Categorias: 0 / 
✅ 632281 / Marcha Fúnebre Ione No.2 / INDIVIDUAL / Categorias: 0 / 
✅ 628877 / Marcha Fúnebre J. J. Penido / INDIVIDUAL / Categorias: 0 / 
✅ 739422 / Marcha Fúnebre Lacrimosa / INDIVIDUAL / Categorias: 0 / 
✅ 852417 / Marcha Fúnebre Lamentações / INDIVIDUAL / Categorias: 0 / 
✅ 739298 / Marcha Fúnebre Lugete venere / INDIVIDUAL / Categorias: 0 / 
✅ 625824 / Marcha Fúnebre Lágrimas de Dores / INDIVIDUAL / Categorias: 0 / 
✅ 848876 / Marcha Fúnebre Lágrimas de uma Mãe / INDIVIDUAL / Categorias: 0 / 
✅ 628858 / Marcha Fúnebre Marocas / INDIVIDUAL / Categorias: 0 / 
✅ 849700 / Marcha Fúnebre No.1 / INDIVIDUAL / Categorias: 0 / 
✅ 1316129 / Marcha Fúnebre No.12 / INDIVIDUAL / Categorias: 0 / 
✅ 848903 / Marcha Fúnebre No.13 / INDIVIDUAL / Categorias: 0 / 
✅ 849046 / Marcha Fúnebre No.14 / INDIVIDUAL / Categorias: 0 / 
✅ 972325 / Marcha Fúnebre No.2 / INDIVIDUAL / Categorias: 0 / 
✅ 1406565 / Marcha Fúnebre No.2, IA 3181 / INDIVIDUAL / Categorias: 0 / 
✅ 973356 / Marcha Fúnebre No.3 / INDIVIDUAL / Categorias: 0 / 
✅ 1316110 / Marcha Fúnebre No.4 / INDIVIDUAL / Categorias: 0 / 
✅ 851737 / Marcha Fúnebre No.5 / INDIVIDUAL / Categorias: 0 / 
✅ 629409 / Marcha Fúnebre Primo de Maio / INDIVIDUAL / Categorias: 0 / 
✅ 739475 / Marcha Fúnebre Recordação / INDIVIDUAL / Categorias: 0 / 
✅ 595758 / Marcha Fúnebre Righetti / INDIVIDUAL / Categorias: 0 / 
✅ 739434 / Marcha Fúnebre Saudade / INDIVIDUAL / Categorias: 0 / 
✅ 659457 / Marcha Fúnebre Saudades / INDIVIDUAL / Categorias: 0 / 
❌ 635756 / Compositor não encontrado: Veloso, Pedro de Alcântara
✅ 625194 / Marcha Fúnebre Sensitiva / INDIVIDUAL / Categorias: 0 / 
✅ 739440 / Marcha Fúnebre Uma lágrima / INDIVIDUAL / Categorias: 0 / 
✅ 843582 / Marcha Fúnebre Vitória de Canudos / INDIVIDUAL / Categorias: 0 / 
✅ 1130381 / Marcha Fúnebre a Mimí de 'Bohème' / INDIVIDUAL / Categorias: 0 / 
✅ 845959 / Marcha Fúnebre in B-flat minor / INDIVIDUAL / Categorias: 0 / 
✅ 848856 / Marcha Fúnebre in F minor / INDIVIDUAL / Categorias: 0 / 
❌ 1178116 / Compositor não encontrado: Passos, Carlos dos
❌ 1237623 / Compositor não encontrado: Pedrosa, Juan Antonio
❌ 989311 / Compositor não encontrado: Ituarte, Julio
✅ 1131098 / Marcha Militar 'Batallón Que Pasa' / COLLECTED_WORKS / Categorias: 0 / 
❌ 726324 / Compositor não encontrado: Lopes, Luiz Batista
✅ 1139081 / Marcha Nupcical, Op.62 / INDIVIDUAL / Categorias: 0 / 
✅ 1062182 / Marcha Real / INDIVIDUAL / Categorias: 0 / 
✅ 1061570 / Marcha Real Española / INDIVIDUAL / Categorias: 0 / 
✅ 1067457 / Marcha Real Española y Tantum ergo / INDIVIDUAL / Categorias: 0 / 
✅ 1067340 / Marcha Real Hispano-Austriaca / INDIVIDUAL / Categorias: 0 / 
❌ 1061249 / Compositor não encontrado: Nonó, José
✅ 1062385 / Marcha Real de la Princesa de Asturias / INDIVIDUAL / Categorias: 0 / 
❌ 1067347 / Compositor não encontrado: Cruz, Antonio de la
✅ 765441 / Marcha Senhor dos Passos / INDIVIDUAL / Categorias: 0 / 
✅ 1116293 / Marcha Soldado / INDIVIDUAL / Categorias: 0 / 
✅ 1130374 / Marcha Solemne 'Prisioneros' / INDIVIDUAL / Categorias: 0 / 
✅ 1355127 / Marcha Titânica / INDIVIDUAL / Categorias: 0 / 
✅ 722811 / Marcha Tártara / INDIVIDUAL / Categorias: 0 / 
✅ 1328159 / Marcha Zaragoza, Op.9 / INDIVIDUAL / Categorias: 0 / 
✅ 1350743 / Marcha a la memoria de D. Julian Arcas / INDIVIDUAL / Categorias: 0 / 
✅ 1440197 / Marcha brillante, PG 310 / INDIVIDUAL / Categorias: 0 / 
❌ 617159 / Compositor não encontrado: Lopes, Ireno Batista
✅ 625783 / Marcha das Dores / INDIVIDUAL / Categorias: 0 / 
✅ 848883 / Marcha das Dores 2 / INDIVIDUAL / Categorias: 0 / 
❌ 1109177 / Compositor não encontrado: Hernández Bellido, José Ramón
✅ 1316348 / Marcha de la Ciudad / INDIVIDUAL / Categorias: 0 / 
✅ 1316350 / Marcha de la Senyera / INDIVIDUAL / Categorias: 0 / 
✅ 916343 / Marcha de los Gnomos / INDIVIDUAL / Categorias: 0 / 
❌ 868715 / Compositor não encontrado: Rubira, Antonio
✅ 884690 / Marcha de los trovadores / INDIVIDUAL / Categorias: 0 / 
❌ 541109 / Compositor não encontrado: Pérez Garrido, Javier
❌ 1484033 / Compositor não encontrado: Asiain, Joaquin
✅ 1111060 / Marcha do Tiro Brasileiro / INDIVIDUAL / Categorias: 0 / 
❌ 1227922 / Compositor não encontrado: Levy, Luiz
❌ 606026 / Erro ao salvar:
❌ 1346807 / Compositor não encontrado: Folk Songs, Brazilian
❌ 91834 / Compositor não encontrado: Toledo, Nicolás
✅ 993101 / Marcha fúnebre / INDIVIDUAL / Categorias: 0 / 
✅ 1211932 / Marcha fúnebre I / INDIVIDUAL / Categorias: 0 / 
✅ 616235 / Marcha fúnebre No.22 / INDIVIDUAL / Categorias: 0 / 
✅ 631088 / Marcha fúnebre No.4 / INDIVIDUAL / Categorias: 0 / 
❌ 1225468 / Compositor não encontrado: Levy, Luiz
❌ 1074246 / Compositor não encontrado: Cruz, Antonio de la
❌ 1074227 / Compositor não encontrado: Cruz, Antonio de la
❌ 1074268 / Compositor não encontrado: Cruz, Antonio de la
✅ 1441855 / Marcha fúnebre, PG 311 / INDIVIDUAL / Categorias: 0 / 
✅ 993644 / Marcha heroica aos 18 do Forte / INDIVIDUAL / Categorias: 0 / 
✅ 1229184 / Marcha imperial / INDIVIDUAL / Categorias: 0 / 
❌ 1229149 / Compositor não encontrado: Martí, Manuel
❌ 1178024 / Compositor não encontrado: Passos, Carlos dos
❌ 1180711 / Compositor não encontrado: Passos, Carlos dos
❌ 1346809 / Compositor não encontrado: Folk Songs, Brazilian
❌ 713114 / Compositor não encontrado: Ponce de León, Severo
✅ 884727 / Marcha morisca / INDIVIDUAL / Categorias: 0 / 
❌ 1473089 / Compositor não encontrado: Mas y Serracant, Domingo
✅ 121215 / Marcha nupcial / INDIVIDUAL / Categorias: 0 / 
❌ 478445 / Compositor não encontrado: Ramírez Santillán, Luis Felipe
❌ 1115205 / Compositor não encontrado: Hernández Bellido, José Ramón
✅ 952600 / Marcha religiosa / INDIVIDUAL / Categorias: 0 / 
✅ 1449823 / Marcha sobre el saeculorum, PG 253 / INDIVIDUAL / Categorias: 0 / 
❌ 1074681 / Compositor não encontrado: Cruz, Antonio de la
❌ 1060945 / Compositor não encontrado: Nonó, José
❌ 1498196 / Erro ao salvar:
❌ 1029857 / Compositor não encontrado: Mecherini, Arturo
❌ 1290132 / Compositor não encontrado: Cimadevilla, Francisco
❌ 1335145 / Erro ao salvar:
✅ 1327048 / Marchans qui traversez / INDIVIDUAL / Categorias: 0 / 
❌ 1269942 / Compositor não encontrado: Choltys, V. D.
✅ 396567 / Marche / INDIVIDUAL / Categorias: 0 / 
❌ 1216326 / Compositor não encontrado: Zurfluh, Auguste
✅ 501700 / Marche Canusa / INDIVIDUAL / Categorias: 0 / 
✅ 614346 / Marche Celtique, Op.127 / INDIVIDUAL / Categorias: 0 / 
❌ 1436802 / Compositor não encontrado: Stankevičius, Petras
❌ 994214 / Compositor não encontrado: Pérez de Zavala, Miguel
❌ 664092 / Compositor não encontrado: Dorn, Charles James
✅ 898949 / Marche Fantaisiste / INDIVIDUAL / Categorias: 0 / 
❌ 665457 / Compositor não encontrado: Dorn, Charles James
✅ 122942 / Marche Funebre, Op.175 / INDIVIDUAL / Categorias: 0 / 
✅ 788081 / Marche Funèbre / INDIVIDUAL / Categorias: 0 / 
✅ 1497459 / Marche Funèbre pour Harpolyre / INDIVIDUAL / Categorias: 0 / 
✅ 1370084 / Marche Funèbre, FL.32 / INDIVIDUAL / Categorias: 0 / 
✅ 1477266 / Marche Funèbre, FL.50 / INDIVIDUAL / Categorias: 0 / 
✅ 1477294 / Marche Funèbre, FL.67 / INDIVIDUAL / Categorias: 0 / 
❌ 956470 / Compositor não encontrado: Baruk, Jason
❌ 1270154 / Compositor não encontrado: Goetz, Angelina Levy
❌ 950480 / Compositor não encontrado: Lecourt, Paul
✅ 112168 / Marche Grotesque / INDIVIDUAL / Categorias: 0 / 
✅ 62439 / Marche Heroique, Op.74 / INDIVIDUAL / Categorias: 0 / 
✅ 328778 / Marche Hongroise / INDIVIDUAL / Categorias: 0 / 
✅ 623740 / Marche Hongroise Nationale / INDIVIDUAL / Categorias: 0 / 
✅ 148240 / Marche Humoresque, Op.362 / INDIVIDUAL / Categorias: 0 / 
✅ 576927 / Marche Hèroïque / INDIVIDUAL / Categorias: 0 / 
❌ 467060 / Compositor não encontrado: Kreith, Charles
✅ 1200266 / Marche Malo / INDIVIDUAL / Categorias: 0 / 
❌ 1382930 / Compositor não encontrado: Clark, Scotson
❌ 1516404 / Compositor não encontrado: Glover, Stephen Ralph
✅ 1480089 / Marche Militaire / INDIVIDUAL / Categorias: 0 / 
❌ 473679 / Compositor não encontrado: Robbroeckx, Wietse
❌ 473682 / Compositor não encontrado: Robbroeckx, Wietse
❌ 473685 / Compositor não encontrado: Robbroeckx, Wietse
✅ 107575 / Marche Militaire No.1 / INDIVIDUAL / Categorias: 0 / 
✅ 21469 / Marche Militaire, Op.38 / INDIVIDUAL / Categorias: 0 / 
✅ 1152936 / Marche No.6 in D major, Op.332 / INDIVIDUAL / Categorias: 0 / 
❌ 398921 / Compositor não encontrado: Grosjean, Ernest
❌ 477025 / Compositor não encontrado: Yon, Pietro
✅ 423935 / Marche Persanne, Op.289 / INDIVIDUAL / Categorias: 0 / 
✅ 942976 / Marche Pontificale / INDIVIDUAL / Categorias: 0 / 
❌ 981032 / Compositor não encontrado: Baruk, Jason
✅ 1246574 / Marche Religieuse / INDIVIDUAL / Categorias: 0 / 
✅ 508397 / Marche Religieuse, WoO 1 / INDIVIDUAL / Categorias: 0 / 
✅ 1177431 / Marche Romantique / INDIVIDUAL / Categorias: 0 / 
❌ 860150 / Compositor não encontrado: Schminke, Oscar Eberhard
❌ 93571 / Compositor não encontrado: Franz, J.
✅ 943928 / Marche Solennelle / INDIVIDUAL / Categorias: 0 / 
✅ 1439408 / Marche Solennelle, Op.4 / INDIVIDUAL / Categorias: 0 / 
❌ 388685 / Compositor não encontrado: Peters, Rob
✅ 479685 / Marche Triomphale / INDIVIDUAL / Categorias: 0 / 
❌ 1155063 / Compositor não encontrado: Shand, Ernest
✅ 226959 / Marche Triomphale, Op.19 / INDIVIDUAL / Categorias: 0 / 
✅ 834616 / Marche Turque / INDIVIDUAL / Categorias: 0 / 
✅ 1314360 / Marche Versaillaise / INDIVIDUAL / Categorias: 0 / 
✅ 430253 / Marche américaine, Op.131 / INDIVIDUAL / Categorias: 0 / 
❌ 1242308 / Compositor não encontrado: Soutzo, N. J.
✅ 1343671 / Marche aragonaise / INDIVIDUAL / Categorias: 0 / 
✅ 691398 / Marche arménienne, Op.183 / INDIVIDUAL / Categorias: 0 / 
✅ 1305447 / Marche au couronnement de l'Empereur Napoleon / INDIVIDUAL / Categorias: 0 / 
❌ 535806 / Compositor não encontrado: Rummel, Joseph
❌ 349196 / Compositor não encontrado: Clark, Scotson
❌ 984200 / Compositor não encontrado: Wugk Sabatier, Charles
✅ 803303 / Marche aux lampions / INDIVIDUAL / Categorias: 0 / 
✅ 663788 / Marche bohémienne, Op.238 / INDIVIDUAL / Categorias: 0 / 
✅ 1015442 / Marche bohême, Op.25 / INDIVIDUAL / Categorias: 0 / 
❌ 964714 / Compositor não encontrado: Fauchey, Paul
✅ 1228479 / Marche brillante, Op.113 / INDIVIDUAL / Categorias: 0 / 
✅ 585127 / Marche brillante, Op.132 / INDIVIDUAL / Categorias: 0 / 
❌ 891097 / Compositor não encontrado: Wodnicki, Teodor
✅ 474126 / Marche brésilienne / INDIVIDUAL / Categorias: 0 / 
❌ 1248484 / Compositor não encontrado: Céré, Richard
✅ 1347662 / Marche cavalière, Op.152 / INDIVIDUAL / Categorias: 0 / 
❌ 1252517 / Compositor não encontrado: David, Adolphe
❌ 919493 / Compositor não encontrado: Croze-Magnan, Marie de
❌ 628943 / Compositor não encontrado: Spencer, Émile
✅ 1403055 / Marche concertante / INDIVIDUAL / Categorias: 0 / 
✅ 1114002 / Marche congolaise / INDIVIDUAL / Categorias: 0 / 
❌ 694606 / Compositor não encontrado: Philipot, Jules
✅ 992399 / Marche d'Arthur / INDIVIDUAL / Categorias: 0 / 
✅ 941104 / Marche d'Église / INDIVIDUAL / Categorias: 0 / 
✅ 1347995 / Marche dalmate, Op.174 / INDIVIDUAL / Categorias: 0 / 
✅ 1305435 / Marche de Bonaparte / INDIVIDUAL / Categorias: 0 / 
❌ 902175 / Compositor não encontrado: Albo, Etienne
❌ 673377 / Compositor não encontrado: Valenti, Avelino
❌ 933258 / Compositor não encontrado: Aubry, Cécile
✅ 1080553 / Marche de Prozinsky, S.701v / INDIVIDUAL / Categorias: 0 / 
✅ 664002 / Marche de Rakoczy, Op.42 / INDIVIDUAL / Categorias: 0 / 
✅ 8542 / Marche de Rákóczy, S.244c / INDIVIDUAL / Categorias: 0 / 
✅ 303789 / Marche de Savoye / INDIVIDUAL / Categorias: 0 / 
❌ 818239 / Compositor não encontrado: Callault, Salvator
❌ 1253879 / Compositor não encontrado: Chouquet, Louise
❌ 1252558 / Compositor não encontrado: David, Adolphe
❌ 170688 / Compositor não encontrado: Chollet, Henri
✅ 886533 / Marche de fête, Op.36 / INDIVIDUAL / Categorias: 0 / 
✅ 841153 / Marche de l'émir, Op.432 / INDIVIDUAL / Categorias: 0 / 
❌ 1225499 / Compositor não encontrado: Levy, Luiz
✅ 88023 / Marche de la Woëvre / INDIVIDUAL / Categorias: 0 / 
❌ 1391388 / Compositor não encontrado: Courtois, Paul
❌ 1486709 / Compositor não encontrado: Chomel, Léonce
✅ 401097 / Marche de la reine, Op.62 / INDIVIDUAL / Categorias: 0 / 
✅ 1494762 / Marche de la télévision / INDIVIDUAL / Categorias: 0 / 
✅ 18707 / Marche de nuit, Op.17 / INDIVIDUAL / Categorias: 0 / 
✅ 476898 / Marche de nuit, Op.33 / INDIVIDUAL / Categorias: 0 / 
✅ 794920 / Marche de procession in D major / INDIVIDUAL / Categorias: 0 / 
✅ 1444851 / Marche de remerciement / INDIVIDUAL / Categorias: 0 / 
✅ 497587 / Marche de soldats / INDIVIDUAL / Categorias: 0 / 
✅ 630849 / Marche de triomphe et air, H.547 / INDIVIDUAL / Categorias: 0 / 
✅ 1486488 / Marche des 'Diables bleus' / INDIVIDUAL / Categorias: 0 / 
✅ 616491 / Marche des Amazones / INDIVIDUAL / Categorias: 0 / 
✅ 215000 / Marche des Amazons, Op.38 / INDIVIDUAL / Categorias: 0 / 
❌ 1367635 / Compositor não encontrado: Wilmet, André
✅ 29106 / Marche des Cipayes / INDIVIDUAL / Categorias: 0 / 
✅ 426319 / Marche des Houris, Op.66 / INDIVIDUAL / Categorias: 0 / 
✅ 248052 / Marche des Marseillois et l'air Ça-ira / INDIVIDUAL / Categorias: 0 / 
❌ 815860 / Compositor não encontrado: La Maniere, Exupère de
❌ 794930 / Compositor não encontrado: Carvin, Hilaire
✅ 693983 / Marche des Pelerins / INDIVIDUAL / Categorias: 0 / 
✅ 495237 / Marche des Rois / INDIVIDUAL / Categorias: 0 / 
❌ 1073648 / Compositor não encontrado: John, Charles
❌ 1187559 / Compositor não encontrado: Coley, J. T.
✅ 1345324 / Marche des amazones / INDIVIDUAL / Categorias: 0 / 
✅ 214424 / Marche des archers / INDIVIDUAL / Categorias: 0 / 
❌ 1198893 / Compositor não encontrado: Corbin, Albert
✅ 713009 / Marche des braves / INDIVIDUAL / Categorias: 0 / 
✅ 1069615 / Marche des cambrioleurs / INDIVIDUAL / Categorias: 0 / 
❌ 1179899 / Compositor não encontrado: Croisez, Alexandre
❌ 1237269 / Compositor não encontrado: Chaulieu Jr., Charles
❌ 891653 / Compositor não encontrado: La Pierre, Monsieur de
❌ 1246271 / Compositor não encontrado: Delisse, Paul
✅ 1069618 / Marche des gamins de Paris / INDIVIDUAL / Categorias: 0 / 
❌ 970906 / Compositor não encontrado: Paans, Willem Jan
✅ 975263 / Marche des marmousets, Op.132 / COMPLETE_WORK / Categorias: 0 / 
✅ 759891 / Marche des mousquetaires de Louis XIII, Op.22 / INDIVIDUAL / Categorias: 0 / 
❌ 1459556 / Compositor não encontrado: Forgues, Émile
✅ 1339837 / Marche des petites fées / INDIVIDUAL / Categorias: 0 / 
❌ 951765 / Compositor não encontrado: Wibier, Raphaël
❌ 1415721 / Compositor não encontrado: Viot, Maurice
✅ 549260 / Marche des petits Pierrots / INDIVIDUAL / Categorias: 0 / 
❌ 965261 / Compositor não encontrado: Gauwin, Adolphe
❌ 919368 / Compositor não encontrado: Beaumercy, Roger de
✅ 1412711 / Marche des phantoms / INDIVIDUAL / Categorias: 0 / 
❌ 1199942 / Compositor não encontrado: Dal Vesco, Angelo
✅ 41493 / Marche des rois mages, Op.39 / INDIVIDUAL / Categorias: 0 / 
❌ 1258134 / Compositor não encontrado: Chaudoir, Félix
❌ 912351 / Compositor não encontrado: Dugenne, Daniel
✅ 855261 / Marche des soireux / INDIVIDUAL / Categorias: 0 / 
✅ 1343427 / Marche des soldats de plomb / INDIVIDUAL / Categorias: 0 / 
❌ 946852 / Compositor não encontrado: Lamart, Octave
❌ 662453 / Compositor não encontrado: Lamothe, Georges
✅ 877702 / Marche des templiers / INDIVIDUAL / Categorias: 0 / 
✅ 403370 / Marche des templiers, Op.56 / INDIVIDUAL / Categorias: 0 / 
❌ 852500 / Compositor não encontrado: Behr, Franz
✅ 849699 / Marche des trompettes / INDIVIDUAL / Categorias: 0 / 
✅ 842953 / Marche des trompettes de 'Aïda' / INDIVIDUAL / Categorias: 0 / 
❌ 664561 / Compositor não encontrado: Roubier, Henri
❌ 1180867 / Compositor não encontrado: Croisez, Alexandre
✅ 947986 / Marche des zouaves / INDIVIDUAL / Categorias: 0 / 
❌ 171856 / Compositor não encontrado: Reinards, William
✅ 54029 / Marche du 163 R.I., Op.48b / INDIVIDUAL / Categorias: 0 / 
✅ 41074 / Marche du 76ème régiment d’infanterie, Op.54 / INDIVIDUAL / Categorias: 0 / 
✅ 19191 / Marche du Couronnement d'Alexandre II, Op.35 / INDIVIDUAL / Categorias: 0 / 
✅ 582999 / Marche du Dahomey / INDIVIDUAL / Categorias: 0 / 
✅ 1424275 / Marche du Régiment le Brauschweig, W.B 84 / COLLECTED_WORKS / Categorias: 0 / 
✅ 1424274 / Marche du Régiment le Prince de Ernst, W.B 83 / COLLECTED_WORKS / Categorias: 0 / 
✅ 1424276 / Marche du Régiment le Württemberg, W.B 85 / COLLECTED_WORKS / Categorias: 0 / 
✅ 796837 / Marche du Siège de Lille / INDIVIDUAL / Categorias: 0 / 
❌ 919356 / Compositor não encontrado: Beaumercy, Roger de
✅ 418583 / Marche du ballet de 'Cendrillon', Op.15c / COLLECTED_WORKS / Categorias: 0 / 
❌ 1223502 / Compositor não encontrado: Kirn, Léon
✅ 1253301 / Marche du couronnement / INDIVIDUAL / Categorias: 0 / 
✅ 70309 / Marche du couronnement, Op.117 / INDIVIDUAL / Categorias: 0 / 
✅ 1431511 / Marche du drapeau / INDIVIDUAL / Categorias: 0 / 
✅ 1278298 / Marche du général Buonaparté variée, Op.15 / INDIVIDUAL / Categorias: 0 / 
❌ 440385 / Compositor não encontrado: Schubert, Camille
✅ 933027 / Marche du printemps, Op.271 / INDIVIDUAL / Categorias: 0 / 
❌ 459704 / Compositor não encontrado: Gael, Henri van
✅ 752066 / Marche du roi de Bohème / INDIVIDUAL / Categorias: 0 / 
✅ 972827 / Marche du trône, Op.110 / INDIVIDUAL / Categorias: 0 / 
✅ 926851 / Marche dédiée aux étudiants d'Alger, Op.163 / INDIVIDUAL / Categorias: 0 / 
✅ 973717 / Marche dédiée à Don Pédro / INDIVIDUAL / Categorias: 0 / 
✅ 1305444 / Marche en Suisse / INDIVIDUAL / Categorias: 0 / 
✅ 137088 / Marche et Cavatine de Lucie de Lammermoor, S.398 / INDIVIDUAL / Categorias: 0 / 
✅ 806115 / Marche et Polonaise / INDIVIDUAL / Categorias: 0 / 
✅ 204150 / Marche et Retraite, TWV 35:1 / INDIVIDUAL / Categorias: 0 / 
✅ 168510 / Marche et air russe varié / INDIVIDUAL / Categorias: 0 / 
❌ 1177191 / Compositor não encontrado: Arnold, Johann Gottfried
✅ 495134 / Marche et pas redoublé / INDIVIDUAL / Categorias: 0 / 
❌ 31088 / Compositor não encontrado: Herz, Henri
✅ 497204 / Marche fanfare, CG 582 / INDIVIDUAL / Categorias: 0 / 
✅ 410555 / Marche favorite du Sultan Mahmud / INDIVIDUAL / Categorias: 0 / 
❌ 1318950 / Compositor não encontrado: Bresles, Henri
❌ 965356 / Compositor não encontrado: Mercier, Adalbert
❌ 988045 / Compositor não encontrado: Behr, Franz
✅ 96361 / Marche française / INDIVIDUAL / Categorias: 0 / 
❌ 459729 / Compositor não encontrado: Gael, Henri van
❌ 1258447 / Compositor não encontrado: Coeuille, Eugène
✅ 122939 / Marche funebre / INDIVIDUAL / Categorias: 0 / 
✅ 956490 / Marche funèbre / INDIVIDUAL / Categorias: 0 / 
✅ 5016 / Marche funèbre d'une marionnette, CG 583 / INDIVIDUAL / Categorias: 0 / 
✅ 1039975 / Marche funèbre d'une mousmé / INDIVIDUAL / Categorias: 0 / 
✅ 847023 / Marche funèbre de Chopin, Op.421 No.2 / INDIVIDUAL / Categorias: 0 / 
✅ 33534 / Marche funèbre de Dom Sébastien de Donizetti, S.402 / INDIVIDUAL / Categorias: 0 / 
✅ 1261542 / Marche funèbre de Nicholas Alexandrowitch / INDIVIDUAL / Categorias: 0 / 
✅ 70851 / Marche funèbre et rondeau, Op.43 / INDIVIDUAL / Categorias: 0 / 
✅ 1365036 / Marche funèbre pour Napoléon / INDIVIDUAL / Categorias: 0 / 
✅ 58821 / Marche funèbre pour la dernière scène d'Hamlet, H 103 / INDIVIDUAL / Categorias: 0 / 
✅ 431714 / Marche funèbre à l'empereur Maximilien, Op.119 / INDIVIDUAL / Categorias: 0 / 
❌ 952379 / Compositor não encontrado: Eymieu, Henry
❌ 908317 / Compositor não encontrado: Foscarina, Mario
❌ 663224 / Compositor não encontrado: Lamothe, Georges
✅ 38798 / Marche funèbre, Op.23 / INDIVIDUAL / Categorias: 0 / 
❌ 667681 / Compositor não encontrado: Péru, F.
❌ 1202375 / Compositor não encontrado: Wild, Hortense
✅ 6853 / Marche funèbre, Op.26 / INDIVIDUAL / Categorias: 0 / 
❌ 674855 / Compositor não encontrado: David, Adolphe
❌ 988495 / Compositor não encontrado: Rutkowski, Napoleon
❌ 989986 / Compositor não encontrado: Herzberg, Anton
✅ 17059 / Marche funèbre, Op.59 / INDIVIDUAL / Categorias: 0 / 
❌ 105553 / Compositor não encontrado: Carvalho, Ricardo Ferreira de
✅ 71347 / Marche funèbre, Op.61 / INDIVIDUAL / Categorias: 0 / 
✅ 690239 / Marche funèbre, Op.68 / INDIVIDUAL / Categorias: 0 / 
✅ 2641 / Marche funèbre, Op.72 No.2 / INDIVIDUAL / Categorias: 0 / 
✅ 661786 / Marche funèbre, Op.9 / INDIVIDUAL / Categorias: 0 / 
✅ 966558 / Marche funèbre, S.226a / INDIVIDUAL / Categorias: 0 / 
✅ 30579 / Marche funèbre, Sz.21 / INDIVIDUAL / Categorias: 0 / 
❌ 948949 / Compositor não encontrado: Knäbel, Alphonse M.
✅ 947692 / Marche gauloise / INDIVIDUAL / Categorias: 0 / 
❌ 196593 / Compositor não encontrado: Cornisset, Gustave
✅ 72801 / Marche gauloise, Op.206 / INDIVIDUAL / Categorias: 0 / 
❌ 1376443 / Compositor não encontrado: Droccos, L. A.
❌ 1376443 / Compositor não encontrado: Droccos, L. A.
❌ 953412 / Compositor não encontrado: Schad, Walter Charles
❌ 1244406 / Compositor não encontrado: Burdin d'Entremont, Fernand Maurice
❌ 1222083 / Compositor não encontrado: Combescot, P.
✅ 720604 / Marche hongroise de Szabady, S.572 / INDIVIDUAL / Categorias: 0 / 
✅ 1347631 / Marche hongroise, Op.119 / INDIVIDUAL / Categorias: 0 / 
✅ 24852 / Marche hongroise, Op.13 / INDIVIDUAL / Categorias: 0 / 
❌ 881584 / Compositor não encontrado: Knox, William Robert
❌ 732393 / Compositor não encontrado: Werner, Auguste
✅ 896713 / Marche hongroise, Op.32 / INDIVIDUAL / Categorias: 0 / 
✅ 130757 / Marche hongroise, Op.63 / INDIVIDUAL / Categorias: 0 / 
✅ 232534 / Marche hongroise, Op.66 / INDIVIDUAL / Categorias: 0 / 
✅ 220276 / Marche hongroise, S.233b / INDIVIDUAL / Categorias: 0 / 
✅ 580792 / Marche héroique / INDIVIDUAL / Categorias: 0 / 
✅ 954367 / Marche héroïque de Jeanne d'Arc / INDIVIDUAL / Categorias: 0 / 
✅ 486311 / Marche héroïque de Szabadi / INDIVIDUAL / Categorias: 0 / 
✅ 588800 / Marche héroïque, Op.3 / INDIVIDUAL / Categorias: 0 / 
✅ 59045 / Marche héroïque, Op.34 / INDIVIDUAL / Categorias: 0 / 
✅ 233955 / Marche héroïque, S.510 / INDIVIDUAL / Categorias: 0 / 
✅ 1486473 / Marche impériale / INDIVIDUAL / Categorias: 0 / 
✅ 45959 / Marche impériale, Op.43 / INDIVIDUAL / Categorias: 0 / 
✅ 107532 / Marche indienne / INDIVIDUAL / Categorias: 0 / 
❌ 876265 / Compositor não encontrado: Chanéet, George Sarvin de
✅ 675069 / Marche indienne, Op.157 / INDIVIDUAL / Categorias: 0 / 
✅ 67513 / Marche interalliée, Op.155 / COLLECTED_WORKS / Categorias: 0 / 
✅ 1466415 / Marche italienne sur un thême de Rossini, Op.41 / INDIVIDUAL / Categorias: 0 / 
✅ 690221 / Marche italienne, Op.56 / INDIVIDUAL / Categorias: 0 / 
❌ 413275 / Compositor não encontrado: David, Adolphe
✅ 902543 / Marche joyeuse / INDIVIDUAL / Categorias: 0 / 
✅ 73776 / Marche lorraine / INDIVIDUAL / Categorias: 0 / 
✅ 1046719 / Marche lugubre, RH 617 / INDIVIDUAL / Categorias: 0 / 
✅ 100238 / Marche marocaine, Op.22 / INDIVIDUAL / Categorias: 0 / 
❌ 1227397 / Compositor não encontrado: Bylicki, Andrzej Pobóg
✅ 1423275 / Marche militaire / INDIVIDUAL / Categorias: 0 / 
❌ 1374267 / Compositor não encontrado: Pujolas, J. H.
❌ 1374272 / Compositor não encontrado: Pujolas, J. H.
❌ 1374275 / Compositor não encontrado: Pujolas, J. H.
❌ 1374282 / Compositor não encontrado: Pujolas, J. H.
❌ 1374287 / Compositor não encontrado: Pujolas, J. H.
❌ 1374291 / Compositor não encontrado: Pujolas, J. H.
❌ 1374295 / Compositor não encontrado: Pujolas, J. H.
❌ 1374299 / Compositor não encontrado: Pujolas, J. H.
✅ 202264 / Marche militaire in E-flat major / INDIVIDUAL / Categorias: 0 / 
❌ 172269 / Compositor não encontrado: Grey, Charles John
✅ 1493666 / Marche militaire, Op.17 / INDIVIDUAL / Categorias: 0 / 
✅ 1387859 / Marche militaire, Op.7 / INDIVIDUAL / Categorias: 0 / 
✅ 593521 / Marche miniature viennoise / INDIVIDUAL / Categorias: 0 / 
✅ 965563 / Marche muscadine / INDIVIDUAL / Categorias: 0 / 
❌ 1485632 / Compositor não encontrado: Baldi, Carlo
✅ 1471070 / Marche nationale / INDIVIDUAL / Categorias: 0 / 
❌ 73037 / Compositor não encontrado: Herz, Henri
❌ 1199808 / Compositor não encontrado: David, Adolphe
✅ 1427522 / Marche non-funèbre / INDIVIDUAL / Categorias: 0 / 
✅ 859672 / Marche nuptiale / INDIVIDUAL / Categorias: 0 / 
✅ 449344 / Marche nuptiale d'une poupée / INDIVIDUAL / Categorias: 0 / 
✅ 1438544 / Marche nuptiale, IME 10 / INDIVIDUAL / Categorias: 0 / 
✅ 943112 / Marche nuptiale, IME 7 / INDIVIDUAL / Categorias: 0 / 
✅ 57907 / Marche nuptiale, Op.108 / INDIVIDUAL / Categorias: 0 / 
✅ 1466657 / Marche nuptiale, Op.280 / INDIVIDUAL / Categorias: 0 / 
✅ 370224 / Marche nuptiale, Op.40 / INDIVIDUAL / Categorias: 0 / 
✅ 168678 / Marche nuptiale, Op.44 / INDIVIDUAL / Categorias: 0 / 
❌ 913957 / Compositor não encontrado: Baudot, Émile
❌ 696343 / Compositor não encontrado: Verley, Henri
✅ 675031 / Marche orientale, Op.113 / INDIVIDUAL / Categorias: 0 / 
❌ 425363 / Compositor não encontrado: Goldner, Wilhelm
✅ 647975 / Marche orientale, Op.38 / INDIVIDUAL / Categorias: 0 / 
✅ 603003 / Marche orientale, Op.8 / INDIVIDUAL / Categorias: 0 / 
✅ 652516 / Marche ottomane, Op.100 / INDIVIDUAL / Categorias: 0 / 
❌ 692748 / Compositor não encontrado: Lebeau, Alfred
✅ 349664 / Marche pontificale / INDIVIDUAL / Categorias: 0 / 
✅ 114725 / Marche pontificale, CG 523 / INDIVIDUAL / Categorias: 0 / 
❌ 952382 / Compositor não encontrado: Eymieu, Henry
✅ 273271 / Marche populaire / INDIVIDUAL / Categorias: 0 / 
✅ 973722 / Marche pour Mirliton / INDIVIDUAL / Categorias: 0 / 
✅ 254604 / Marche pour Sortie / INDIVIDUAL / Categorias: 0 / 
❌ 1300763 / Compositor não encontrado: Dubez, Johann
✅ 1353292 / Marche pour le Régiment du Général de Möllendorff / INDIVIDUAL / Categorias: 0 / 
❌ 952373 / Compositor não encontrado: Destenay, Edouard
✅ 1354788 / Marche pour le régiment du Comte de Lottum / INDIVIDUAL / Categorias: 0 / 
✅ 1353789 / Marche pour le régiment du Général Bülow / INDIVIDUAL / Categorias: 0 / 
✅ 1354054 / Marche pour le régiment du Général Saldern / INDIVIDUAL / Categorias: 0 / 
✅ 445622 / Marche pour procession / INDIVIDUAL / Categorias: 0 / 
✅ 797384 / Marche religieuse / INDIVIDUAL / Categorias: 0 / 
✅ 157180 / Marche religieuse, CG 524 / INDIVIDUAL / Categorias: 0 / 
✅ 9638 / Marche religieuse, Op.107 / INDIVIDUAL / Categorias: 0 / 
✅ 1387856 / Marche religieuse, Op.9 / INDIVIDUAL / Categorias: 0 / 
✅ 1507731 / Marche religieuse, RH 196 / INDIVIDUAL / Categorias: 0 / 
✅ 947635 / Marche riante / INDIVIDUAL / Categorias: 0 / 
❌ 207681 / Compositor não encontrado: Chesneau, Carl
✅ 151325 / Marche russe / INDIVIDUAL / Categorias: 0 / 
✅ 516224 / Marche russe, Op.72 / INDIVIDUAL / Categorias: 0 / 
✅ 980929 / Marche républicaine / INDIVIDUAL / Categorias: 0 / 
❌ 1258104 / Compositor não encontrado: Chanat, Edmond
❌ 535488 / Compositor não encontrado: Lécureux, Théodore
✅ 389300 / Marche solennelle / INDIVIDUAL / Categorias: 0 / 
✅ 1193624 / Marche solennelle de procession, CG 627 / INDIVIDUAL / Categorias: 0 / 
❌ 941356 / Compositor não encontrado: Beranek, Aloïs
❌ 42261 / Compositor não encontrado: Cui, César
✅ 691415 / Marche solennelle, Op.204 / INDIVIDUAL / Categorias: 0 / 
❌ 320951 / Compositor não encontrado: Vogt, Jean
✅ 1270788 / Marche solennelle, RO154 / INDIVIDUAL / Categorias: 0 / 
✅ 625850 / Marche solennelle, WoO 13 / INDIVIDUAL / Categorias: 0 / 
❌ 1330885 / Compositor não encontrado: Holzhaus, Henry
✅ 86400 / Marche sur un thème russe, Op.76 / INDIVIDUAL / Categorias: 0 / 
✅ 822946 / Marche suèdoise / INDIVIDUAL / Categorias: 0 / 
✅ 116397 / Marche symphonique, Op.16 / INDIVIDUAL / Categorias: 0 / 
❌ 949006 / Compositor não encontrado: Beauvois, Fernande
❌ 1198884 / Compositor não encontrado: Collignon, Gustave
❌ 971849 / Compositor não encontrado: Marchal, Francis
❌ 413294 / Compositor não encontrado: David, Adolphe
✅ 477641 / Marche triomphale / INDIVIDUAL / Categorias: 0 / 
✅ 53716 / Marche triomphale No.1 / INDIVIDUAL / Categorias: 0 / 
✅ 53718 / Marche triomphale No.2 / INDIVIDUAL / Categorias: 0 / 
✅ 100231 / Marche triomphale d'Isly, Op.30 / INDIVIDUAL / Categorias: 0 / 
✅ 1343621 / Marche triomphale de la princesse Polichinelle / INDIVIDUAL / Categorias: 0 / 
✅ 214588 / Marche triomphale du Roi David, Op.194 / INDIVIDUAL / Categorias: 0 / 
✅ 484674 / Marche triomphale du centenaire de Napoléon I, Op.46 / INDIVIDUAL / Categorias: 0 / 
✅ 6870 / Marche triomphale, Op.27 / INDIVIDUAL / Categorias: 0 / 
✅ 69791 / Marche triomphale, Op.29 / INDIVIDUAL / Categorias: 0 / 
✅ 254076 / Marche triomphale, Op.34 / INDIVIDUAL / Categorias: 0 / 
❌ 1199947 / Compositor não encontrado: Dal Vesco, Angelo
✅ 80364 / Marche triumphale, Op.26 / INDIVIDUAL / Categorias: 0 / 
✅ 1226451 / Marche tunisienne / INDIVIDUAL / Categorias: 0 / 
❌ 472539 / Compositor não encontrado: Baille, Gabriel
❌ 1225246 / Compositor não encontrado: David, Adolphe
❌ 693490 / Compositor não encontrado: Oesten, Max
❌ 748075 / Compositor não encontrado: Esch, Louis von
✅ 1507733 / Marche victorieuse, RH 197 / INDIVIDUAL / Categorias: 0 / 
❌ 992233 / Compositor não encontrado: Collin, Lucien
❌ 838686 / Compositor não encontrado: Shigeta, Takuya
✅ 87305 / Marche à huit Instruments à vent / INDIVIDUAL / Categorias: 0 / 
❌ 1376313 / Compositor não encontrado: Droccos, L. A.
❌ 315446 / Compositor não encontrado: Dibdin, Mary Ann
❌ 681900 / Compositor não encontrado: Croisez, Alexandre
✅ 11232 / Marche écossaise sur un thème populaire / INDIVIDUAL / Categorias: 0 / 
✅ 439082 / Marche électrique / INDIVIDUAL / Categorias: 0 / 
✅ 654406 / Marche épiscopale / INDIVIDUAL / Categorias: 0 / 
❌ 1263750 / Compositor não encontrado: Dietrich, Maurice
✅ 809226 / Marche, Op.3 / INDIVIDUAL / Categorias: 0 / 
❌ 234872 / Compositor não encontrado: Grodzky, Boleslav
❌ 227638 / Compositor não encontrado: John, Charles
✅ 414592 / Marche, Op.63 / INDIVIDUAL / Categorias: 0 / 
✅ 411329 / Marche, Op.85 / INDIVIDUAL / Categorias: 0 / 
✅ 728645 / Marche, danse et marmotte des Savoyards / INDIVIDUAL / Categorias: 0 / 
❌ 1159204 / Compositor não encontrado: Derosier, Nicolas
✅ 1458898 / Marche-cortège, Op.13 / INDIVIDUAL / Categorias: 0 / 
✅ 76213 / Marcher og Dandse / COLLECTED_WORKS / Categorias: 0 / 
❌ 213654 / Compositor não encontrado: Twycross, Martin
✅ 747506 / Marches favories / COLLECTED_WORKS / Categorias: 0 / 
✅ 171934 / Marches favorites pour le Pianoforte / COLLECTIONS_WITH / Categorias: 0 / 
❌ 1011167 / Compositor não encontrado: Various
✅ 1239912 / Marches militaires et airs pour le carrousel de Monseigneur, LWV 72 / INDIVIDUAL / Categorias: 0 / 
✅ 1509370 / Marches pour la pompe funèbre du Général Hoche / INDIVIDUAL / Categorias: 0 / 
❌ 424281 / Compositor não encontrado: Various
✅ 1133478 / Marches, Op.9 / INDIVIDUAL / Categorias: 0 / 
❌ 1115640 / Compositor não encontrado: Montgomery, Thomas H.
✅ 1185935 / Marching Along / INDIVIDUAL / Categorias: 0 / 
✅ 437334 / Marching Song of Democracy / INDIVIDUAL / Categorias: 0 / 
❌ 1204512 / Compositor não encontrado: Mack, Edward
❌ 1152397 / Compositor não encontrado: Miller, Glenn
❌ 1164273 / Compositor não encontrado: Gunnar, Otto
❌ 1115646 / Compositor não encontrado: Meacham, Frank W.
❌ 1115644 / Compositor não encontrado: Thaler, Rudolf
✅ 1215700 / Marching through Georgia / INDIVIDUAL / Categorias: 0 / 
❌ 1516050 / Compositor não encontrado: Dressler, William
❌ 1361207 / Compositor não encontrado: Dwelle-Collier, Hattie
✅ 489285 / Marchons Marchons Gaïement / INDIVIDUAL / Categorias: 0 / 
✅ 937648 / Marchéta / INDIVIDUAL / Categorias: 0 / 
✅ 1240410 / Marcia 'Ozieri' / INDIVIDUAL / Categorias: 0 / 
✅ 702987 / Marcia / INDIVIDUAL / Categorias: 0 / 
❌ 177774 / Compositor não encontrado: Quirici, Giovanni
✅ 1311439 / Marcia Della Regina / INDIVIDUAL / Categorias: 0 / 
✅ 690860 / Marcia Eroica / INDIVIDUAL / Categorias: 0 / 
❌ 641747 / Compositor não encontrado: Tinel, Jef
❌ 1079522 / Compositor não encontrado: Tinel, Jef
✅ 251745 / Marcia Funebre / INDIVIDUAL / Categorias: 0 / 
✅ 208065 / Marcia Funebre No.1, Op.172 / INDIVIDUAL / Categorias: 0 / 
✅ 208068 / Marcia Funebre No.2, Op.173 / INDIVIDUAL / Categorias: 0 / 
✅ 208166 / Marcia Funebre No.3, Op.165 / INDIVIDUAL / Categorias: 0 / 
✅ 208169 / Marcia Funebre No.4, Op.121 / INDIVIDUAL / Categorias: 0 / 
✅ 208174 / Marcia Funebre No.6, Op.112a / INDIVIDUAL / Categorias: 0 / 
✅ 208177 / Marcia Funebre No.7, Op.179 / INDIVIDUAL / Categorias: 0 / 
❌ 1141503 / Compositor não encontrado: Pettee, William
✅ 13058 / Marcia Grave / INDIVIDUAL / Categorias: 0 / 
❌ 623126 / Compositor não encontrado: Balladori, Angelo
✅ 1446334 / Marcia No.1 / INDIVIDUAL / Categorias: 0 / 
✅ 147316 / Marcia No.11, Op.138 / INDIVIDUAL / Categorias: 0 / 
✅ 147331 / Marcia No.12, Op.170 / INDIVIDUAL / Categorias: 0 / 
✅ 147341 / Marcia No.13, Op.171 / INDIVIDUAL / Categorias: 0 / 
✅ 1446336 / Marcia No.2 / INDIVIDUAL / Categorias: 0 / 
✅ 147192 / Marcia No.2, Op.166 / INDIVIDUAL / Categorias: 0 / 
✅ 147349 / Marcia No.29, Op.175 / INDIVIDUAL / Categorias: 0 / 
✅ 1446338 / Marcia No.3 / INDIVIDUAL / Categorias: 0 / 
✅ 147196 / Marcia No.3, Op.120 / INDIVIDUAL / Categorias: 0 / 
✅ 1446340 / Marcia No.4 / INDIVIDUAL / Categorias: 0 / 
✅ 147203 / Marcia No.4, Op.167 / INDIVIDUAL / Categorias: 0 / 
✅ 147215 / Marcia No.5, Op.119 / INDIVIDUAL / Categorias: 0 / 
✅ 147221 / Marcia No.6, Op.168 / INDIVIDUAL / Categorias: 0 / 
✅ 147275 / Marcia No.7, Op.169 / INDIVIDUAL / Categorias: 0 / 
✅ 147290 / Marcia No.8, Op.181 / INDIVIDUAL / Categorias: 0 / 
✅ 147304 / Marcia No.9, Op.118 / INDIVIDUAL / Categorias: 0 / 
❌ 1414422 / Compositor não encontrado: Remondi, Roberto
✅ 515910 / Marcia alla morte traditrice / COLLECTED_WORKS / Categorias: 0 / 
✅ 851814 / Marcia and Bolero / INDIVIDUAL / Categorias: 0 / 
❌ 901792 / Compositor não encontrado: Cuconato, Raffaele
❌ 1307651 / Compositor não encontrado: Manente, Giuseppe
❌ 683115 / Compositor não encontrado: Cattaneo, Pietro
❌ 89152 / Compositor não encontrado: Shigeta, Takuya
❌ 145182 / Compositor não encontrado: Schuëcker, Edmund
✅ 1023266 / Marcia funebre RPS / INDIVIDUAL / Categorias: 0 / 
✅ 147400 / Marcia funebre per I funerali di Manzoni, Op.157 / INDIVIDUAL / Categorias: 0 / 
✅ 130237 / Marcia funebre per un delfino / INDIVIDUAL / Categorias: 0 / 
✅ 574725 / Marcia funebre sulla morte di Luigi van Beethoven, Op.146 / COLLECTED_WORKS / Categorias: 0 / 
✅ 1384768 / Marcia funebre, CCW53 / INDIVIDUAL / Categorias: 0 / 
✅ 1438953 / Marcia funebre, Op.94 / INDIVIDUAL / Categorias: 0 / 
✅ 1452606 / Marcia funèbre / INDIVIDUAL / Categorias: 0 / 
✅ 66087 / Marcia funèbre, Op.59 / INDIVIDUAL / Categorias: 0 / 
✅ 62741 / Marcia funèbre, sulla morte d'un Pappagallo / COLLECTED_WORKS / Categorias: 0 / 
✅ 1189615 / Marcia in A major / INDIVIDUAL / Categorias: 0 / 
❌ 941707 / Compositor não encontrado: Socal, Pietro
❌ 1255119 / Compositor não encontrado: Socal, Pietro
✅ 945170 / Marcia lugubre, A 563 / INDIVIDUAL / Categorias: 0 / 
✅ 177662 / Marcia marziale / INDIVIDUAL / Categorias: 0 / 
✅ 787994 / Marcia nuziale / INDIVIDUAL / Categorias: 0 / 
✅ 1306448 / Marcia orginale, Op.104 / INDIVIDUAL / Categorias: 0 / 
✅ 922104 / Marcia per il Sultano / INDIVIDUAL / Categorias: 0 / 
✅ 671140 / Marcia per organo / INDIVIDUAL / Categorias: 0 / 
❌ 236790 / Compositor não encontrado: Martinenghi, Giovanni
❌ 689209 / Compositor não encontrado: Gabetti, Giuseppe
✅ 787518 / Marcia solenne / INDIVIDUAL / Categorias: 0 / 
✅ 1030266 / Marcia teimosa / INDIVIDUAL / Categorias: 0 / 
❌ 1522282 / Compositor não encontrado: Mikulicz, Karl Lothar
❌ 1180596 / Compositor não encontrado: Rieschi, Luigi
❌ 792603 / Compositor não encontrado: Bosi, Amilcare
✅ 787498 / Marcia trionfale / INDIVIDUAL / Categorias: 0 / 
✅ 787849 / Marcia trionfale in G major / INDIVIDUAL / Categorias: 0 / 
✅ 130783 / Marcia turchesca, MH 601 / INDIVIDUAL / Categorias: 0 / 
✅ 1386764 / Marcia, MH 823 / INDIVIDUAL / Categorias: 0 / 
✅ 1173394 / Marcia, Op.18 No.2 / INDIVIDUAL / Categorias: 0 / 
✅ 1408305 / Marcia, Op.87 / INDIVIDUAL / Categorias: 0 / 
✅ 1330567 / Marcia-Fanfara / INDIVIDUAL / Categorias: 0 / 
❌ 1018688 / Compositor não encontrado: Mozart, Wolfgang Amadeus
✅ 1390414 / Marcietta / INDIVIDUAL / Categorias: 0 / 
✅ 1347441 / Marcietta éxotique / INDIVIDUAL / Categorias: 0 / 
❌ 1096370 / Compositor não encontrado: Marques, Domingos José
✅ 1236506 / Marco Attilio Regolo / INDIVIDUAL / Categorias: 0 / 
✅ 145259 / Marco Spada / INDIVIDUAL / Categorias: 0 / 
✅ 500201 / Marco Spada Schottisch, Op.183 / INDIVIDUAL / Categorias: 0 / 
✅ 266703 / Marco Visconti / INDIVIDUAL / Categorias: 0 / 
✅ 1113893 / Marcos e José Maurício: Catálogo de suas composições musicaes / INDIVIDUAL / Categorias: 0 / 
❌ 902608 / Compositor não encontrado: Bammeville, Aimé J. de
✅ 412831 / Marcuisi hora / INDIVIDUAL / Categorias: 0 / 
✅ 312827 / Marcus-Passion / INDIVIDUAL / Categorias: 0 / 
❌ 1115648 / Compositor não encontrado: Lyons, George
✅ 1525777 / Mardi-Gras / INDIVIDUAL / Categorias: 0 / 
✅ 599164 / Mare! mare! / INDIVIDUAL / Categorias: 0 / 
✅ 57894 / Marechiare / INDIVIDUAL / Categorias: 0 / 
✅ 1255019 / Marechiare; La Serenade / COLLECTED_WORKS / Categorias: 0 / 
✅ 820934 / Mareike von Nymwegen / INDIVIDUAL / Categorias: 0 / 
✅ 1320417 / Maren's Melody / INDIVIDUAL / Categorias: 0 / 
✅ 940900 / Marenarella / INDIVIDUAL / Categorias: 0 / 
✅ 684527 / Marenariello mio / INDIVIDUAL / Categorias: 0 / 
❌ 1152373 / Compositor não encontrado: Ripley, Winfield
✅ 508113 / Mareta, Mareta / INDIVIDUAL / Categorias: 0 / 
✅ 699856 / Mareta, mareta / INDIVIDUAL / Categorias: 0 / 
❌ 1199927 / Compositor não encontrado: Dal Vesco, Angelo
❌ 1390769 / Compositor não encontrado: Browne, John
✅ 405285 / Margaret's Song / INDIVIDUAL / Categorias: 0 / 
❌ 928980 / Compositor não encontrado: Versel, Louis
✅ 780178 / Margaretha, Op.68 / INDIVIDUAL / Categorias: 0 / 
❌ 1075882 / Compositor não encontrado: Münter, Fr.
❌ 490345 / Compositor não encontrado: Ahrens, August
✅ 189199 / Margarita / INDIVIDUAL / Categorias: 0 / 
✅ 427860 / Margarita dai Corai / INDIVIDUAL / Categorias: 0 / 
✅ 192909 / Margaritango / INDIVIDUAL / Categorias: 0 / 
✅ 1347781 / Margarite fleur de valeur / INDIVIDUAL / Categorias: 0 / 
❌ 534937 / Compositor não encontrado: Criscuolo, Luigi
✅ 1331503 / Margery / INDIVIDUAL / Categorias: 0 / 
✅ 362095 / Margherita / INDIVIDUAL / Categorias: 0 / 
✅ 282800 / Margherita Pusterla / INDIVIDUAL / Categorias: 0 / 
✅ 363548 / Margherita d'Anjou / INDIVIDUAL / Categorias: 0 / 
✅ 1071766 / Margherita la mendicante / INDIVIDUAL / Categorias: 0 / 
✅ 44696 / Margherita regina d’Inghilterra / INDIVIDUAL / Categorias: 0 / 
✅ 1105673 / Margherita-Polka, Op.244 / INDIVIDUAL / Categorias: 0 / 
❌ 843724 / Compositor não encontrado: Conrad, Con
❌ 838821 / Compositor não encontrado: Michiels, Gustave
✅ 291760 / Margitta / INDIVIDUAL / Categorias: 0 / 
❌ 566491 / Compositor não encontrado: Kloczko, Rafal
✅ 578060 / Margot Labourez les Vignes / INDIVIDUAL / Categorias: 0 / 
✅ 980292 / Margot la rouge / INDIVIDUAL / Categorias: 0 / 
✅ 550336 / Margot labourez les vignes, LV 169 / INDIVIDUAL / Categorias: 0 / 
✅ 779805 / Margot, Op.11 / INDIVIDUAL / Categorias: 0 / 
❌ 1184410 / Compositor não encontrado: Baylor, Eugene W.
✅ 768111 / Margret's Ghost, Hob.XXXIa:65 / INDIVIDUAL / Categorias: 0 / 
❌ 1186453 / Compositor não encontrado: Benoît-Catelin, E.
❌ 915446 / Compositor não encontrado: Bley, Gustave
❌ 1221815 / Compositor não encontrado: Chauvin, Hélène
❌ 1222076 / Compositor não encontrado: Combes, Pierre
❌ 1222266 / Compositor não encontrado: Coustenoble, Léon
❌ 915187 / Compositor não encontrado: Cury, Ernest
❌ 399678 / Compositor não encontrado: Dana, Charles Henshaw
❌ 945640 / Compositor não encontrado: Lamart, Octave
❌ 721148 / Compositor não encontrado: Lüders, Charles
❌ 1115653 / Compositor não encontrado: Marston, George
❌ 1115655 / Compositor não encontrado: Sherman, Al
✅ 459807 / Marguerite / INDIVIDUAL / Categorias: 0 / 
❌ 1130183 / Compositor não encontrado: Mitchell, Paul
❌ 1180817 / Compositor não encontrado: Croisez, Alexandre
✅ 1091394 / Marguerite au rouet, Op.108 / INDIVIDUAL / Categorias: 0 / 
✅ 689997 / Marguerite au rouet, Op.12 / INDIVIDUAL / Categorias: 0 / 
❌ 673634 / Compositor não encontrado: Vilbac, Renaud de
❌ 1179086 / Compositor não encontrado: Saint-Priest, Auguste de
❌ 759575 / Compositor não encontrado: Franck, Joseph
❌ 1257816 / Compositor não encontrado: Castro, Ernest
❌ 691446 / Compositor não encontrado: Kunc, Aloys
❌ 772382 / Compositor não encontrado: Stahl, Ernst
✅ 18711 / Marguerite, Op.76 / INDIVIDUAL / Categorias: 0 / 
✅ 1176786 / Marguerite, Op.9 / INDIVIDUAL / Categorias: 0 / 
✅ 790420 / Margueriten-Tag, Op.170 / INDIVIDUAL / Categorias: 0 / 
✅ 770832 / Marguérite au Rouet, Op.19 / INDIVIDUAL / Categorias: 0 / 
✅ 770825 / Marguérite douleureuse au rouet, Op.26 / INDIVIDUAL / Categorias: 0 / 
❌ 490412 / Compositor não encontrado: Jacotin
✅ 935076 / Maria / INDIVIDUAL / Categorias: 0 / 
❌ 977663 / Compositor não encontrado: Monteiro, Antônio José dos Santos
✅ 1060843 / Maria Cærulea / INDIVIDUAL / Categorias: 0 / 
❌ 1097426 / Compositor não encontrado: Barcellos, Antonio Cassimiro de
❌ 610270 / Compositor não encontrado: Litta, Giulio
❌ 1057620 / Compositor não encontrado: Mattos, Francisco
✅ 132260 / Maria Lucrezia / INDIVIDUAL / Categorias: 0 / 
❌ 1004935 / Compositor não encontrado: Cleto, Marcelino
✅ 752170 / Maria Maddalena de' Pazzi / INDIVIDUAL / Categorias: 0 / 
❌ 297529 / Compositor não encontrado: Ballione, Gerolamo
❌ 361832 / Compositor não encontrado: Dulot, François
✅ 204910 / Maria Magdalena / INDIVIDUAL / Categorias: 0 / 
❌ 1268075 / Compositor não encontrado: Zając, Adam
❌ 154906 / Compositor não encontrado: Kaun, Hugo
✅ 115371 / Maria Magdalene et altera Maria / INDIVIDUAL / Categorias: 0 / 
✅ 1166677 / Maria Magdalene, Maria Jacobi / INDIVIDUAL / Categorias: 0 / 
✅ 506988 / Maria Mater Gratiae / INDIVIDUAL / Categorias: 0 / 
✅ 1024661 / Maria Mater Gratiae in F major / INDIVIDUAL / Categorias: 0 / 
✅ 1118463 / Maria Mater Gratiæ in D Major / INDIVIDUAL / Categorias: 0 / 
✅ 437951 / Maria Mater gratiae / INDIVIDUAL / Categorias: 0 / 
❌ 1349450 / Compositor não encontrado: Folk Songs, Brazilian
✅ 1211928 / Maria Máter Gratiæ / INDIVIDUAL / Categorias: 0 / 
✅ 254963 / Maria Padilla / INDIVIDUAL / Categorias: 0 / 
✅ 961931 / Maria Pereira... / INDIVIDUAL / Categorias: 0 / 
✅ 616408 / Maria Petrovna / INDIVIDUAL / Categorias: 0 / 
❌ 710751 / Compositor não encontrado: Dietrich, Maurice
✅ 720712 / Maria Polka / INDIVIDUAL / Categorias: 0 / 
✅ Maria Polka Mazurka (Lumbye, Hans Christian) / Maria Polka Mazurka / INDIVIDUAL / Categorias: 0 / 
✅ 737392 / Maria Restituta / INDIVIDUAL / Categorias: 0 / 
✅ 1268265 / Maria Salve / INDIVIDUAL / Categorias: 0 / 
❌ 787437 / Compositor não encontrado: Milano Franco d'Aragona, Giacomo Francesco
❌ 1254336 / Compositor não encontrado: Pfeiffer, J.
✅ 260272 / Maria Stuarda / INDIVIDUAL / Categorias: 0 / 
✅ 690468 / Maria Stuart / INDIVIDUAL / Categorias: 0 / 
❌ 978557 / Compositor não encontrado: Baumbach, Friedrich August
❌ 1247407 / Compositor não encontrado: Riedel, Anton
✅ 191246 / Maria Tudor / INDIVIDUAL / Categorias: 0 / 
✅ 720728 / Maria Vals / INDIVIDUAL / Categorias: 0 / 
❌ 1267214 / Compositor não encontrado: Schiassi, Gaetano Maria
✅ 824738 / Maria Virgo, Ch.35 / INDIVIDUAL / Categorias: 0 / 
✅ 255931 / Maria Virgo, prescripta / INDIVIDUAL / Categorias: 0 / 
✅ 73508 / Maria and Ave Maria, Op.67 / INDIVIDUAL / Categorias: 0 / 
✅ 725387 / Maria custodiva tutte queste cose / INDIVIDUAL / Categorias: 0 / 
✅ 1259962 / Maria da Conceição Fernandes / INDIVIDUAL / Categorias: 0 / 
❌ 1057610 / Compositor não encontrado: Napoles, Sebastião Ferraz
✅ 619748 / Maria da Penha Sousa / INDIVIDUAL / Categorias: 0 / 
✅ 254941 / Maria de Rudenz / INDIVIDUAL / Categorias: 0 / 
❌ 1390002 / Compositor não encontrado: Bernard, Jean
✅ 1164950 / Maria dei Dolori / INDIVIDUAL / Categorias: 0 / 
✅ 162332 / Maria di Rohan / INDIVIDUAL / Categorias: 0 / 
❌ 333644 / Compositor não encontrado: Kappes, J. Henry
❌ 1076935 / Compositor não encontrado: Costa, Carlos da
✅ 92343 / Maria dolorata / INDIVIDUAL / Categorias: 0 / 
❌ 298095 / Compositor não encontrado: Leys, Peter
✅ 492137 / Maria durch ein' Dornwald ging / INDIVIDUAL / Categorias: 0 / 
✅ 1153117 / Maria egiziaca / INDIVIDUAL / Categorias: 0 / 
❌ 1499637 / Compositor não encontrado: Profe, Ambrosius
✅ 709747 / Maria i törneskog / INDIVIDUAL / Categorias: 0 / 
✅ 1210878 / Maria mater Dei / INDIVIDUAL / Categorias: 0 / 
✅ 1309762 / Maria mater gratiae / INDIVIDUAL / Categorias: 0 / 
✅ 192080 / Maria og Johannes / INDIVIDUAL / Categorias: 0 / 
❌ 719699 / Compositor não encontrado: Fayrfax, Robert
✅ 1152410 / Maria sad på Hø og Straa, CNW 183 / INDIVIDUAL / Categorias: 0 / 
✅ 706504 / Maria stabat ad monumentum foris / INDIVIDUAL / Categorias: 0 / 
✅ 1019339 / Maria stund auf in den Tagen, TWV 1:1089 / INDIVIDUAL / Categorias: 0 / 
✅ 42827 / Maria und Martha über dem Lazarusgrabe / INDIVIDUAL / Categorias: 0 / 
❌ 202904 / Compositor não encontrado: Stoll, Otto
❌ 618042 / Compositor não encontrado: Degner, Erich Wolf
❌ 1310270 / Compositor não encontrado: Kerle, Jacobus de
✅ 544594 / Maria voll Genad, LV 968 / INDIVIDUAL / Categorias: 0 / 
✅ 259595 / Maria wallt zum Heiligtum / COLLECTED_WORKS / Categorias: 0 / 
✅ 765881 / Maria zart - Maria, du bist genadenvoll / INDIVIDUAL / Categorias: 0 / 
✅ 863649 / Maria Ózia / INDIVIDUAL / Categorias: 0 / 
❌ 636341 / Compositor não encontrado: Cristofaro, Alberto de
✅ 1162574 / Maria's Foxtrot / INDIVIDUAL / Categorias: 0 / 
✅ 779956 / Maria's Traum, Op.63 / INDIVIDUAL / Categorias: 0 / 
❌ 490030 / Compositor não encontrado: Reger, Max
✅ 1052188 / Maria, Mar! / COLLABORATION / Categorias: 0 / 
✅ 479891 / Maria, Mari! / COLLABORATION / Categorias: 0 / 
✅ 469382 / Maria, Mater gratiae / INDIVIDUAL / Categorias: 0 / 
✅ 390262 / Maria, Op.48 / INDIVIDUAL / Categorias: 0 / 
✅ 221316 / Maria, gegrüsset seist du, Holdselige / COMPLETE_WORK / Categorias: 0 / 
✅ 1071773 / Maria, regina d'Inghilterra / INDIVIDUAL / Categorias: 0 / 
❌ 883730 / Compositor não encontrado: Various
❌ 837435 / Compositor não encontrado: Elorduy, Ernesto Medina
❌ 478324 / Compositor não encontrado: Neto, Marcos Coelho
❌ 1082169 / Compositor não encontrado: Various
❌ 1255406 / Compositor não encontrado: Tollet, Edouard
❌ 791066 / Compositor não encontrado: Regnart, Jacob
✅ 1492091 / Marian / INDIVIDUAL / Categorias: 0 / 
✅ 528570 / Marian Gray / INDIVIDUAL / Categorias: 0 / 
✅ 553226 / Marian Lullaby / INDIVIDUAL / Categorias: 0 / 
✅ 395779 / Marian Symphony / INDIVIDUAL / Categorias: 0 / 
❌ 1179688 / Compositor não encontrado: Chinski, L. C.
✅ 419069 / Mariana Pineda / INDIVIDUAL / Categorias: 0 / 
✅ 1238001 / Marianas / INDIVIDUAL / Categorias: 0 / 
❌ 1180533 / Compositor não encontrado: Croisez, Alexandre
✅ 656460 / Marianischer Hymnus, Op.50 / INDIVIDUAL / Categorias: 0 / 
✅ 507327 / Marianka-Polka, Op.173 / INDIVIDUAL / Categorias: 0 / 
✅ 619412 / Marianne / INDIVIDUAL / Categorias: 0 / 
❌ 397911 / Compositor não encontrado: Ziegler, Benjamin
❌ 878795 / Compositor não encontrado: Cournand, Marie de
❌ 363302 / Compositor não encontrado: Weingarten, G.
✅ 517515 / Mariannina / INDIVIDUAL / Categorias: 0 / 
✅ 966245 / Mariannle, Op.379 / INDIVIDUAL / Categorias: 0 / 
✅ 1066092 / Marias Gondelfahrt! / INDIVIDUAL / Categorias: 0 / 
❌ 1060353 / Compositor não encontrado: Cavalcante, Amaro
✅ 1058262 / Mariazinha / INDIVIDUAL / Categorias: 0 / 
✅ 817816 / Mariazinha sentada na pedra!... / INDIVIDUAL / Categorias: 0 / 
✅ 1152415 / Maribo Hornpipe / INDIVIDUAL / Categorias: 0 / 
❌ 886920 / Compositor não encontrado: Díaz Peña, Sebastián
✅ 971915 / Maricota, sai da chuva / INDIVIDUAL / Categorias: 0 / 
✅ 937811 / Maridaile / INDIVIDUAL / Categorias: 0 / 
✅ 1231579 / Marie / INDIVIDUAL / Categorias: 0 / 
❌ 1430048 / Compositor não encontrado: Jacobson, Myron
✅ 1379029 / Marie Louise au berceau de son fils, Op.27 / INDIVIDUAL / Categorias: 0 / 
❌ 1262896 / Compositor não encontrado: Ligonnet, Marie-Dominique
✅ 1259585 / Marie March / INDIVIDUAL / Categorias: 0 / 
❌ 1212160 / Compositor não encontrado: Morra, Carlo
✅ 207529 / Marie Polka / INDIVIDUAL / Categorias: 0 / 
✅ 504117 / Marie Stuart / INDIVIDUAL / Categorias: 0 / 
❌ 493619 / Compositor não encontrado: Andreas, S. M.
✅ 408396 / Marie Taglioni-Polka, Op.173 / INDIVIDUAL / Categorias: 0 / 
✅ 1178722 / Marie Victoire, P.100 / INDIVIDUAL / Categorias: 0 / 
✅ 1320727 / Marie de Mancini / INDIVIDUAL / Categorias: 0 / 
✅ 944625 / Marie enfin quitte l'ouvrage, In.515 / INDIVIDUAL / Categorias: 0 / 
✅ 1237853 / Marie et Fanny / INDIVIDUAL / Categorias: 0 / 
❌ 1253442 / Compositor não encontrado: Tymolski, Fabian
✅ 728450 / Marie von Montalban / INDIVIDUAL / Categorias: 0 / 
❌ 663129 / Compositor não encontrado: Beames, Wm. C.
✅ 39114 / Marie, D.658 / INDIVIDUAL / Categorias: 0 / 
✅ 500180 / Marie, G.199 / INDIVIDUAL / Categorias: 0 / 
❌ 1257821 / Compositor não encontrado: Cavayé, M.
❌ 769827 / Compositor não encontrado: Jungmann, Albert
✅ 1126241 / Marie, Op.162 / INDIVIDUAL / Categorias: 0 / 
❌ 711166 / Compositor não encontrado: Lubomirski, Kazimierz
✅ 84568 / Marie, Op.60 / INDIVIDUAL / Categorias: 0 / 
✅ 740780 / Marie, qui voudroit vostre nom retourner / INDIVIDUAL / Categorias: 0 / 
❌ 1177219 / Compositor não encontrado: Bonnet, Arthur
✅ 940304 / Marie-Louise / INDIVIDUAL / Categorias: 0 / 
✅ 11099 / Marie-Magdeleine / INDIVIDUAL / Categorias: 0 / 
✅ Marie-Polka (Lumbye, Hans Christian) / Marie-Polka / COLLECTED_WORKS / Categorias: 0 / 
❌ 1257813 / Compositor não encontrado: Castel, Louis
✅ 201398 / Marie-Thérèse / INDIVIDUAL / Categorias: 0 / 
❌ 198488 / Compositor não encontrado: Benda, Friedrich Ludwig
❌ 1068884 / Compositor não encontrado: Ferrazzi, D. L.
❌ 1271003 / Compositor não encontrado: Mottl, Wendelin
❌ 1270819 / Compositor não encontrado: Petrák, Jan
✅ 1125563 / Marien-Polka, Op.164 / INDIVIDUAL / Categorias: 0 / 
❌ 1272728 / Compositor não encontrado: Jeschko, Ludwig
✅ 403628 / Marien-Quadrille, Op.51 / INDIVIDUAL / Categorias: 0 / 
✅ 1160874 / Marien-Walzer, Op.102 / INDIVIDUAL / Categorias: 0 / 
✅ 645182 / Marien-Walzer, Op.143 / INDIVIDUAL / Categorias: 0 / 
✅ 522147 / Marien-Walzer, Op.212 / INDIVIDUAL / Categorias: 0 / 
✅ 1272934 / Marien-Walzer, Op.42 / INDIVIDUAL / Categorias: 0 / 
❌ 127069 / Compositor não encontrado: Plessen, Friedrich Leopold von
❌ 189370 / Compositor não encontrado: Satie, Erik
✅ 294254 / Marienbad's Elegie, Op.116 bis / INDIVIDUAL / Categorias: 0 / 
✅ 36563 / Mariengarten, S.62 / INDIVIDUAL / Categorias: 0 / 
❌ 258001 / Compositor não encontrado: Brodersen, Fritz
✅ 755183 / Marienhymne, WoO 30 / INDIVIDUAL / Categorias: 0 / 
❌ 1270550 / Compositor não encontrado: Engelhart, Adolf
✅ 1056793 / Marienlied / INDIVIDUAL / Categorias: 0 / 
✅ 73721 / Marienlied No.1 in F major, Op.13a / INDIVIDUAL / Categorias: 0 / 
✅ 73738 / Marienlied No.10 in F major, Op.56 / INDIVIDUAL / Categorias: 0 / 
✅ 73265 / Marienlied No.11 in F major, Op.59 / INDIVIDUAL / Categorias: 0 / 
✅ 73741 / Marienlied No.12 in F major, Op.63 / INDIVIDUAL / Categorias: 0 / 
✅ 73743 / Marienlied No.13 in C major / INDIVIDUAL / Categorias: 0 / 
✅ 73723 / Marienlied No.2 in E minor, Op.19 / INDIVIDUAL / Categorias: 0 / 
✅ 73271 / Marienlied No.3 in F major, Op.22 / INDIVIDUAL / Categorias: 0 / 
✅ 73725 / Marienlied No.4 in G major, Op.23 / INDIVIDUAL / Categorias: 0 / 
✅ 73730 / Marienlied No.5 in F major, Op.28 / INDIVIDUAL / Categorias: 0 / 
✅ 73732 / Marienlied No.6 in F major, Op.41 / INDIVIDUAL / Categorias: 0 / 
✅ 73733 / Marienlied No.7 in G major, Op.45 / INDIVIDUAL / Categorias: 0 / 
✅ 73735 / Marienlied No.8 in G major, Op.54 / INDIVIDUAL / Categorias: 0 / 
✅ 73181 / Marienlied No.9 in G major, Op.34 / INDIVIDUAL / Categorias: 0 / 
✅ 764415 / Marienlied, WoO 84 / INDIVIDUAL / Categorias: 0 / 
❌ 719745 / Compositor não encontrado: Onegin, Eugen
✅ 52395 / Marienlieder, Op.22 / INDIVIDUAL / Categorias: 0 / 
✅ 73442 / Marienlob, Op.28 / INDIVIDUAL / Categorias: 0 / 
❌ 1098349 / Compositor não encontrado: Duchesne, Francisco
✅ 54769 / Marieta / INDIVIDUAL / Categorias: 0 / 
❌ 1246984 / Compositor não encontrado: Coffel, Hal
❌ 661204 / Compositor não encontrado: Kockert, Otto
✅ 1001480 / Marietta / INDIVIDUAL / Categorias: 0 / 
✅ 420604 / Marietta, Op.166 / INDIVIDUAL / Categorias: 0 / 
✅ 1162381 / Marietta-Polka, Op.266 / INDIVIDUAL / Categorias: 0 / 
❌ 913402 / Compositor não encontrado: Cadot, Louis
✅ 1377463 / Mariez moy, VM7-6222, f.14 / INDIVIDUAL / Categorias: 0 / 
❌ 1036443 / Compositor não encontrado: Sarrablo, Manuel
✅ 953535 / Marigold / INDIVIDUAL / Categorias: 0 / 
❌ 1361191 / Compositor não encontrado: Frances, Irene
❌ 1064808 / Compositor não encontrado: Teixeira D'Almeida, H.
❌ 1030237 / Compositor não encontrado: Lima, Candido de
❌ 1031023 / Compositor não encontrado: Moura, J.
✅ 1064605 / Marimba Concerto / INDIVIDUAL / Categorias: 0 / 
✅ 979161 / Marimba Concerto, Op.247 / INDIVIDUAL / Categorias: 0 / 
❌ 216809 / Compositor não encontrado: Fedi Caruso, Marco
❌ 87464 / Compositor não encontrado: Mann, Joseph Arthur
❌ 711981 / Compositor não encontrado: Morgado, Tiago Morais
❌ 1346182 / Compositor não encontrado: Folk Songs, Brazilian
✅ 1147118 / Marina / INDIVIDUAL / Categorias: 0 / 
❌ 1433350 / Compositor não encontrado: Bosch Berth, Alexander
✅ 1426740 / Marinarella Overture, Op.215 / INDIVIDUAL / Categorias: 0 / 
✅ 935051 / Marinaresca / INDIVIDUAL / Categorias: 0 / 
❌ 583371 / Compositor não encontrado: Foresi, Mario
✅ 371951 / Marine / INDIVIDUAL / Categorias: 0 / 
✅ 1412874 / Marine Band March / INDIVIDUAL / Categorias: 0 / 
❌ 1115546 / Compositor não encontrado: Endo, Masao
✅ 844564 / Marine, Op.324 / INDIVIDUAL / Categorias: 0 / 
✅ 194342 / Marine, Op.38 / INDIVIDUAL / Categorias: 0 / 
✅ 355394 / Marinella / INDIVIDUAL / Categorias: 0 / 
❌ 349445 / Compositor não encontrado: Cuello Piraquibis, Adrián Antonio
✅ 662045 / Marines / INDIVIDUAL / Categorias: 0 / 
✅ Marines' Hymn (Nichifor, Serban) / Marines' Hymn / INDIVIDUAL / Categorias: 0 / 
✅ 1387620 / Marinette, Op.51 / INDIVIDUAL / Categorias: 0 / 
✅ 254498 / Maringa / INDIVIDUAL / Categorias: 0 / 
❌ 1097810 / Compositor não encontrado: Lossio, Dôdô
✅ 568119 / Marinilla, Op.126 / INDIVIDUAL / Categorias: 0 / 
✅ 260317 / Marino Faliero / INDIVIDUAL / Categorias: 0 / 
✅ 77881 / Marino Faliero, Op.41a / INDIVIDUAL / Categorias: 0 / 
❌ 559861 / Compositor não encontrado: Francés de Iribarren, Juan
✅ 275424 / Marins d'islande / INDIVIDUAL / Categorias: 0 / 
✅ 617946 / Mario fuggitivo / INDIVIDUAL / Categorias: 0 / 
❌ 648989 / Compositor não encontrado: Capua, Rinaldo di
✅ 24766 / Mario, Danse Caractéristique / INDIVIDUAL / Categorias: 0 / 
❌ 1115955 / Compositor não encontrado: Ingham, Nelson
❌ 1065036 / Compositor não encontrado: Moraes, Alcides de
✅ 221779 / Marion Delorme, Op.11 / INDIVIDUAL / Categorias: 0 / 
❌ 388398 / Compositor não encontrado: Benkert, George Felix
✅ 1263803 / Marion Waltz / INDIVIDUAL / Categorias: 0 / 
❌ 1361195 / Compositor não encontrado: Page, Marion
❌ 1397009 / Compositor não encontrado: Sanz, Gaspar
✅ 997109 / Marionetes / INDIVIDUAL / Categorias: 0 / 
✅ 258495 / Marionette / INDIVIDUAL / Categorias: 0 / 
❌ 1318985 / Compositor não encontrado: Sevasta, Philip
❌ 1248996 / Compositor não encontrado: Banck, Erwin
❌ 572652 / Compositor não encontrado: Rathke, Otto
❌ 1104091 / Compositor não encontrado: Ree, Louis
❌ 136524 / Compositor não encontrado: Mello, Alfred
✅ 915790 / Marionettentanz / INDIVIDUAL / Categorias: 0 / 
✅ 208130 / Marionettes / INDIVIDUAL / Categorias: 0 / 
✅ 16327 / Marionettes, Op.29 / INDIVIDUAL / Categorias: 0 / 
✅ 6383 / Marionettes, Op.38 / INDIVIDUAL / Categorias: 0 / 
✅ 16081 / Marionettes, Op.54 / INDIVIDUAL / Categorias: 0 / 
❌ 262661 / Compositor não encontrado: Tedeschi, Luigi Maurizio
❌ 966127 / Compositor não encontrado: Lemaire, Fernand
✅ 593358 / Marionnettes, Op.1 / INDIVIDUAL / Categorias: 0 / 
❌ 299571 / Compositor não encontrado: Bonis, Mel
✅ 1370769 / Marions nous / INDIVIDUAL / Categorias: 0 / 
❌ 157637 / Compositor não encontrado: Gade, Niels
✅ 995390 / Mariposa / INDIVIDUAL / Categorias: 0 / 
❌ 149094 / Compositor não encontrado: Bueno, Julio A.
✅ 1507164 / Marisol / INDIVIDUAL / Categorias: 0 / 
✅ 150039 / Maritana / INDIVIDUAL / Categorias: 0 / 
✅ 706665 / Marits visor / INDIVIDUAL / Categorias: 0 / 
✅ 525109 / Maritsa, Op.47 / INDIVIDUAL / Categorias: 0 / 
✅ 1341624 / Maritta, Op.32 / INDIVIDUAL / Categorias: 0 / 
✅ 510077 / Mariuccia / INDIVIDUAL / Categorias: 0 / 
✅ 843567 / Mariutch Down at Coney Isle / INDIVIDUAL / Categorias: 0 / 
✅ 869278 / Marivaudage / INDIVIDUAL / Categorias: 0 / 
❌ 602780 / Compositor não encontrado: Delahaye, Léon
❌ 432233 / Compositor não encontrado: Klein, Jules
✅ 672294 / Marizinha Vieira / INDIVIDUAL / Categorias: 0 / 
❌ 1489866 / Compositor não encontrado: Sanz, Gaspar
❌ 1476661 / Compositor não encontrado: Olagüe, Fray Bartolomé de
❌ 1353137 / Compositor não encontrado: Folk Songs, Brazilian
✅ 1320052 / Mariä Lobgesang, Op.9 / INDIVIDUAL / Categorias: 0 / 
❌ 369877 / Compositor não encontrado: Leutert, Brita Falch
❌ 1334625 / Compositor não encontrado: Casirola, Angelo
✅ 381548 / Mariée / INDIVIDUAL / Categorias: 0 / 
✅ 1390988 / Mariée depuis midi / INDIVIDUAL / Categorias: 0 / 
✅ 413032 / Marjorie / INDIVIDUAL / Categorias: 0 / 
❌ 1392303 / Compositor não encontrado: Christiani, Emile Foss
❌ 31063 / Compositor não encontrado: Hewitt, James
✅ 1089357 / Mark Petering Biography / INDIVIDUAL / Categorias: 0 / 
✅ 1089362 / Mark Petering Orchestral Catalog / INDIVIDUAL / Categorias: 0 / 
✅ 1346047 / Mark, Op.411 / INDIVIDUAL / Categorias: 0 / 
✅ 619668 / Markbuketten! / INDIVIDUAL / Categorias: 0 / 
✅ 721111 / Markeds Polka / INDIVIDUAL / Categorias: 0 / 
✅ 594913 / Marken er mejet / INDIVIDUAL / Categorias: 0 / 
❌ 1299602 / Compositor não encontrado: Simpson, Cameron Lee
❌ 1288614 / Compositor não encontrado: Teich, Otto
❌ 111982 / Compositor não encontrado: Beber, Ambrosius
✅ 1247345 / Markus-Passion 1759, TWV 5:44 / INDIVIDUAL / Categorias: 0 / 
✅ 708460 / Markus-Passion Pasticcio, BC D 5 / INDIVIDUAL / Categorias: 0 / 
✅ 717112 / Markus-Passion Pasticcio, BC D 5b / INDIVIDUAL / Categorias: 0 / 
✅ 708453 / Markus-Passion Pasticcio, BWV 1166 / INDIVIDUAL / Categorias: 0 / 
✅ 896623 / Markus-Passion, H.783 / INDIVIDUAL / Categorias: 0 / 
✅ 1168361 / Markus-Passion, H.787 / INDIVIDUAL / Categorias: 0 / 
✅ 892287 / Markus-Passion, H.791 / INDIVIDUAL / Categorias: 0 / 
✅ 813971 / Markuspassion, BWV 247 / INDIVIDUAL / Categorias: 0 / 
✅ 1477581 / Marlborough Variée, Op.30 / INDIVIDUAL / Categorias: 0 / 
✅ 1039797 / Marmalade Martha / INDIVIDUAL / Categorias: 0 / 
❌ 1346812 / Compositor não encontrado: Folk Songs, Brazilian
❌ 1381891 / Compositor não encontrado: Sorg, Andreas
❌ 971007 / Compositor não encontrado: Monteiro, Antônio José dos Santos
✅ 1518697 / Maroicic-Marsch, Op.175 / INDIVIDUAL / Categorias: 0 / 
✅ 278202 / Marokkanische Patrouille, Op.227 / INDIVIDUAL / Categorias: 0 / 
✅ 550766 / Maronna mia / INDIVIDUAL / Categorias: 0 / 
✅ 823866 / Marosszéki táncok / INDIVIDUAL / Categorias: 0 / 
❌ 196841 / Compositor não encontrado: Corbin, Albert
❌ 1225030 / Compositor não encontrado: Crotel, Suzanne
✅ Marquis et marquise (Godard, Benjamin) / Marquis et marquise / INDIVIDUAL / Categorias: 0 / 
❌ 1152417 / Compositor não encontrado: Laybourn, William Baxter
❌ 1482686 / Compositor não encontrado: Jones-Stubbs
❌ 852271 / Compositor não encontrado: Alkan, Maxime
❌ 918218 / Compositor não encontrado: Baldran, Jules
✅ 47012 / Marquise / INDIVIDUAL / Categorias: 0 / 
✅ 925960 / Marquise Pompadour / INDIVIDUAL / Categorias: 0 / 
❌ 1138163 / Compositor não encontrado: Wachs, Paul
✅ 1122216 / Marraton and Yaratilda / INDIVIDUAL / Categorias: 0 / 
❌ 1093567 / Compositor não encontrado: Schacht, Albert M.
✅ 349490 / Marriage Benediction / INDIVIDUAL / Categorias: 0 / 
❌ 1039945 / Compositor não encontrado: Berkin, Julius
❌ 791995 / Compositor não encontrado: Dłuski, Erazm
❌ 1516642 / Compositor não encontrado: Lai, Hailey
✅ 1375047 / Marriage a la carte / INDIVIDUAL / Categorias: 0 / 
❌ 1202236 / Compositor não encontrado: Keller, Matthias
✅ 680574 / Marruecos, Op.1 / INDIVIDUAL / Categorias: 0 / 
❌ 1361214 / Compositor não encontrado: Owen, Anita
❌ 1152653 / Compositor não encontrado: Gartlan, George H.
❌ 1086520 / Compositor não encontrado: Hein, Silvio
✅ 820878 / Marrying Music / INDIVIDUAL / Categorias: 0 / 
✅ 1065778 / Mars & Venus / COLLABORATION / Categorias: 0 / 
❌ 74410 / Compositor não encontrado: Bird, Peter
✅ 715734 / Mars i Flora / INDIVIDUAL / Categorias: 0 / 
❌ 546893 / Compositor não encontrado: Weelkes, Thomas
✅ 141740 / Mars jaloux / INDIVIDUAL / Categorias: 0 / 
❌ 61273 / Compositor não encontrado: Geisler, Paul Thomas
❌ 95038 / Compositor não encontrado: Franz, J.
❌ 1168535 / Compositor não encontrado: Löfgren, Albert
✅ 1451824 / Marsch / INDIVIDUAL / Categorias: 0 / 
❌ 1320522 / Compositor não encontrado: Sjöberg, Frans
✅ 139552 / Marsch der Aengstlichen, Op.37 / INDIVIDUAL / Categorias: 0 / 
✅ 416394 / Marsch der Bersaglieri, Op.99 / INDIVIDUAL / Categorias: 0 / 
✅ 1305451 / Marsch der Garde des Consulats in Paris / INDIVIDUAL / Categorias: 0 / 
✅ 1259416 / Marsch der Israelitischen National Garde in Warschau / INDIVIDUAL / Categorias: 0 / 
❌ 606970 / Compositor não encontrado: André, Jean Baptiste
✅ 1331608 / Marsch der Negerheinzelmännchen / INDIVIDUAL / Categorias: 0 / 
❌ 93020 / Compositor não encontrado: Reger, Max
✅ 522220 / Marsch der Studenten-Legion, Op.223 / INDIVIDUAL / Categorias: 0 / 
✅ 536586 / Marsch der Zeit / INDIVIDUAL / Categorias: 0 / 
✅ 948608 / Marsch der Zinnsoldaten, Op.22 No.2 / INDIVIDUAL / Categorias: 0 / 
✅ 923849 / Marsch der kaiserlichen russischen Truppen beim Einzug in Berlin den 4. März 1813 / INDIVIDUAL / Categorias: 0 / 
❌ 1230489 / Compositor não encontrado: Gliński, Ludwik
✅ 522244 / Marsch des einigen Deutschlands, Op.227 / INDIVIDUAL / Categorias: 0 / 
✅ 596256 / Marsch für Militair Musik, G.196 / INDIVIDUAL / Categorias: 0 / 
✅ 696291 / Marsch für Orchester über den alten 'Schweizerton' / INDIVIDUAL / Categorias: 0 / 
✅ 1152139 / Marsch für den Prinzen von Wales, Hob.VIII:3 / INDIVIDUAL / Categorias: 0 / 
✅ 212565 / Marsch für des Königs Leibwache No.1, G.85 / INDIVIDUAL / Categorias: 0 / 
✅ 212569 / Marsch für des Königs Leibwache No.2, G.109 / INDIVIDUAL / Categorias: 0 / 
✅ 212584 / Marsch für des Königs Regiment, G.68 / INDIVIDUAL / Categorias: 0 / 
✅ 1487682 / Marsch in E-flat major, Op.25 / INDIVIDUAL / Categorias: 0 / 
✅ 522638 / Marsch nach Motiven der Oper: Robert der Teufel / INDIVIDUAL / Categorias: 0 / 
✅ 522634 / Marsch nach Motiven der Oper: Zampa / INDIVIDUAL / Categorias: 0 / 
✅ 210932 / Marsch og Jagtstykke for 9 Horns, Op.40 / INDIVIDUAL / Categorias: 0 / 
✅ 861714 / Marsch sinfonique / INDIVIDUAL / Categorias: 0 / 
✅ 712588 / Marsch til den Kongelige Liv Garde, WoO 207 / INDIVIDUAL / Categorias: 0 / 
✅ 910881 / Marsch und Festreigen, Op.11 / INDIVIDUAL / Categorias: 0 / 
✅ 846957 / Marsch über Motive aus 'Die Meistersinger von Nürnberg' / INDIVIDUAL / Categorias: 0 / 
✅ 592080 / Marsch, G.49 / COLLABORATION / Categorias: 0 / 
✅ 1503029 / Marsch, Intermezzo and Gavotte, Op.45 / INDIVIDUAL / Categorias: 0 / 
❌ 984742 / Compositor não encontrado: Walter, August
✅ 852048 / Marsch, Op.30 / INDIVIDUAL / Categorias: 0 / 
✅ 1384623 / Marsch, Op.39 No.1 / INDIVIDUAL / Categorias: 0 / 
✅ 162479 / Marsch, Op.5 / INDIVIDUAL / Categorias: 0 / 
✅ 1033937 / Marsch, Polka, Vals & Finale, Op.10 / INDIVIDUAL / Categorias: 0 / 
✅ 712564 / Marsch, WoO 138 / INDIVIDUAL / Categorias: 0 / 
✅ 252258 / Marsch-Album / COLLECTED_WORKS / Categorias: 0 / 
✅ 1299199 / Marsch-Fantasie, Op.8 / INDIVIDUAL / Categorias: 0 / 
✅ 513113 / Marsch-Humoreske / INDIVIDUAL / Categorias: 0 / 
✅ 1468192 / Marsch-Potpourri / INDIVIDUAL / Categorias: 0 / 
✅ 1082520 / Marschalbum / INDIVIDUAL / Categorias: 0 / 
✅ 1228647 / Marschlied / INDIVIDUAL / Categorias: 0 / 
✅ 721116 / Marseillaisen / INDIVIDUAL / Categorias: 0 / 
✅ 415530 / Marseille / INDIVIDUAL / Categorias: 0 / 
✅ 1152420 / Marseilles Hymn / INDIVIDUAL / Categorias: 0 / 
❌ 1522155 / Compositor não encontrado: Various
✅ 1121824 / Marshall Hill's Hornpipe / COLLECTED_WORKS / Categorias: 0 / 
✅ 721354 / Marshall's Scottish Airs, Melodies, Strathspeys, Reels / COLLECTED_WORKS / Categorias: 0 / 
✅ 406805 / Marsia e Apollo / INDIVIDUAL / Categorias: 0 / 
✅ 89520 / Marsk Stig / INDIVIDUAL / Categorias: 0 / 
❌ 1520162 / Compositor não encontrado: Folk Songs, Danish
✅ 117795 / Marsovia Waltzes / INDIVIDUAL / Categorias: 0 / 
✅ 1426914 / Marssi vanhoilta ajoilta, Op.16 No.1 / INDIVIDUAL / Categorias: 0 / 
✅ 367256 / Marsyas / INDIVIDUAL / Categorias: 0 / 
✅ 1244565 / Marsz / INDIVIDUAL / Categorias: 0 / 
❌ 1259155 / Compositor não encontrado: Żukowski, Otton Mieczysław
✅ 1255587 / Marsz Legionów Polskich, Op.228 / INDIVIDUAL / Categorias: 0 / 
❌ 867672 / Compositor não encontrado: Suszczyński, Jan
✅ 812488 / Marsz No.1 z motywów polskich / INDIVIDUAL / Categorias: 0 / 
✅ 1232590 / Marsz Sobieskiego / INDIVIDUAL / Categorias: 0 / 
❌ 1023077 / Compositor não encontrado: Bakowska, Marje Orion
❌ 1257060 / Compositor não encontrado: Wysocki, Kasper Napoleon
❌ 1030000 / Compositor não encontrado: Chojecki, Lech
❌ 1264277 / Compositor não encontrado: Ekier, Stanisław
✅ 1255941 / Marsz myśliwski / INDIVIDUAL / Categorias: 0 / 
❌ 1259860 / Compositor não encontrado: Krogulski, Józef W.
✅ 1344724 / Marsz religijny No.2 / INDIVIDUAL / Categorias: 0 / 
❌ 1228456 / Compositor não encontrado: Dietz d'Arme, Ludwik
✅ 1030012 / Marsz ulubiony Księcia Józefa Poniatowskiego / INDIVIDUAL / Categorias: 0 / 
✅ 599524 / Marsz uroczysty, Op.44 / INDIVIDUAL / Categorias: 0 / 
✅ 817340 / Marsz uroczysty, Op.79 / INDIVIDUAL / Categorias: 0 / 
✅ 1259193 / Marsz z Pułku Gwardyi Polskiéy / INDIVIDUAL / Categorias: 0 / 
✅ 1089820 / Marsz śpiewaczy / INDIVIDUAL / Categorias: 0 / 
❌ 1031294 / Compositor não encontrado: Osmański, Wojciech
❌ 1236960 / Compositor não encontrado: Madejski, Marceli
✅ 860108 / Marsz żałobny / INDIVIDUAL / Categorias: 0 / 
✅ 817343 / Marsz żałobny for Kraszewski, IAW 14 / INDIVIDUAL / Categorias: 0 / 
✅ 1116961 / Marsz żałobny na śmierć Fryderyka Chopina / INDIVIDUAL / Categorias: 0 / 
✅ 1242376 / Marsz żałobny, IAM 10 / INDIVIDUAL / Categorias: 0 / 
✅ 1242324 / Marsz żałobny, IAM 9 / INDIVIDUAL / Categorias: 0 / 
✅ 1256006 / Marsz żałobny, IAW 47 / INDIVIDUAL / Categorias: 0 / 
❌ 1228761 / Compositor não encontrado: Ekier, Stanisław
✅ 864531 / Marsz żałobny, Op.124 / INDIVIDUAL / Categorias: 0 / 
✅ 817335 / Marsz żałobny, Op.126 / INDIVIDUAL / Categorias: 0 / 
❌ 1267915 / Compositor não encontrado: Korytyński, Albin
❌ 1246909 / Compositor não encontrado: Pomarański, Zygmunt
❌ 1262648 / Compositor não encontrado: Czubski, Jan
✅ 1495550 / Marsz, marsz, Polonia / INDIVIDUAL / Categorias: 0 / 
❌ 1236894 / Compositor não encontrado: Łukasiewicz, Stanisław
❌ 1006427 / Compositor não encontrado: Issa, Moueen
✅ 194616 / Marteau-pilon Épouvantable-implacable / INDIVIDUAL / Categorias: 0 / 
✅ 1396804 / Martes, Op.2 / INDIVIDUAL / Categorias: 0 / 
❌ 738631 / Compositor não encontrado: Alberti, D.
✅ 1191290 / Martha / INDIVIDUAL / Categorias: 0 / 
❌ 1083018 / Compositor não encontrado: Wannemacher, Henry
✅ 494086 / Martha Quickstep, Op.184 / INDIVIDUAL / Categorias: 0 / 
✅ 719922 / Martha Selections, Op.16 / COLLECTIONS_WITH / Categorias: 0 / 
✅ 522164 / Martha-Quadrille, Op.215 / INDIVIDUAL / Categorias: 0 / 
✅ 403616 / Martha-Quadrille, Op.46 / INDIVIDUAL / Categorias: 0 / 
❌ 651053 / Compositor não encontrado: Rupès, Georges
✅ 123515 / Marthésie / INDIVIDUAL / Categorias: 0 / 
❌ 870302 / Compositor não encontrado: Delafosse, C.
✅ 311220 / Martian / INDIVIDUAL / Categorias: 0 / 
✅ 370524 / Martin Sayd to His Man, FVB 212 / INDIVIDUAL / Categorias: 0 / 
✅ 153244 / Martin et Martine / INDIVIDUAL / Categorias: 0 / 
❌ Martin menait son porceau au marché (Höger, Anton) / Compositor não encontrado: Höger, Anton
✅ 939417 / Martin menait son pourceau / INDIVIDUAL / Categorias: 0 / 
✅ 955615 / Martin menoit / INDIVIDUAL / Categorias: 0 / 
✅ 610249 / Martin menoit son porceau / INDIVIDUAL / Categorias: 0 / 
❌ 507809 / Compositor não encontrado: Ruffo, Vincenzo
❌ 495256 / Compositor não encontrado: Samson, Joseph
❌ 1090285 / Compositor não encontrado: Martini, Johannes
✅ 761414 / Martini Kirchweihe, Op.180 / INDIVIDUAL / Categorias: 0 / 
✅ 1278860 / Martini festum celebremus, LV 512 / INDIVIDUAL / Categorias: 0 / 
❌ 1032175 / Compositor não encontrado: Loraine, William
✅ 162092 / Martinmas Tide / INDIVIDUAL / Categorias: 0 / 
✅ 1310263 / Martinus Abrahae sinu laetus excipitur / INDIVIDUAL / Categorias: 0 / 
✅ 1152425 / Marton's Hornpipe / INDIVIDUAL / Categorias: 0 / 
✅ 722566 / Marts Viol / INDIVIDUAL / Categorias: 0 / 
❌ 970201 / Compositor não encontrado: Erismann, Georgina
❌ 1025690 / Compositor não encontrado: Vianna, B.
❌ 1076359 / Compositor não encontrado: Campos, Horacio Ferraz de
✅ 713673 / Martírio / INDIVIDUAL / Categorias: 0 / 
❌ 1342217 / Compositor não encontrado: Sirera, José
✅ 964217 / Marulhos / INDIVIDUAL / Categorias: 0 / 
✅ 168869 / Maruzza / INDIVIDUAL / Categorias: 0 / 
❌ 1116060 / Compositor não encontrado: Frey, Hugo
✅ 1032132 / Mary / INDIVIDUAL / Categorias: 0 / 
❌ 1378969 / Compositor não encontrado: McNaughton, John Hugh
❌ 410078 / Compositor não encontrado: Wallis, Louis
✅ 1239049 / Mary Ann O'Houlihan / INDIVIDUAL / Categorias: 0 / 
❌ 211696 / Compositor não encontrado: Barker, George Arthur
❌ Mary Avourneen (Barker, George) / Compositor não encontrado: Barker, George
✅ 1116241 / Mary Blane / INDIVIDUAL / Categorias: 0 / 
❌ 1361484 / Compositor não encontrado: Meyers, Billie Morse
✅ Mary Galop (Lumbye, Hans Christian) / Mary Galop / INDIVIDUAL / Categorias: 0 / 
✅ 203398 / Mary Going to Jerusalem / INDIVIDUAL / Categorias: 0 / 
❌ 1116260 / Compositor não encontrado: King, Tom
✅ 705003 / Mary Gray / INDIVIDUAL / Categorias: 0 / 
❌ 971698 / Compositor não encontrado: Diack, John Michael
✅ 864721 / Mary Jane Waltz / INDIVIDUAL / Categorias: 0 / 
❌ 518683 / Compositor não encontrado: Baker, Lucy B.
❌ 1494674 / Compositor não encontrado: Lyman, Abe
✅ 329627 / Mary Loves the Flowers / INDIVIDUAL / Categorias: 0 / 
❌ 358425 / Compositor não encontrado: Browne, Augusta
✅ 1032392 / Mary McGee / INDIVIDUAL / Categorias: 0 / 
✅ 364303 / Mary Morison / INDIVIDUAL / Categorias: 0 / 
✅ 226921 / Mary Mother / INDIVIDUAL / Categorias: 0 / 
✅ 1171766 / Mary O'More / INDIVIDUAL / Categorias: 0 / 
❌ 1361486 / Compositor não encontrado: Radford, Dave
❌ 587678 / Compositor não encontrado: Bandt, Caroline
❌ 1179016 / Compositor não encontrado: Nielson, Edwin John
❌ 384511 / Compositor não encontrado: Lovas, Imre
❌ 1361493 / Compositor não encontrado: Stewart, Anita
✅ 996004 / Mary Stuart, Op.18 / INDIVIDUAL / Categorias: 0 / 
✅ 739790 / Mary Tudor / INDIVIDUAL / Categorias: 0 / 
❌ 1204426 / Compositor não encontrado: Macaulay, Stewart
✅ 397494 / Mary Variations, Op.28 / INDIVIDUAL / Categorias: 0 / 
❌ 509723 / Compositor não encontrado: Howard, Frank
✅ 76674 / Mary at the Tomb / INDIVIDUAL / Categorias: 0 / 
✅ 1095222 / Mary de par sa mere / INDIVIDUAL / Categorias: 0 / 
✅ 809837 / Mary had a Baby / INDIVIDUAL / Categorias: 0 / 
❌ 1212332 / Compositor não encontrado: Nelson, Sydney
✅ 416420 / Mary of Argyle, Op.211 / INDIVIDUAL / Categorias: 0 / 
❌ 1116265 / Compositor não encontrado: Trevelyan, Arthur
❌ 1230514 / Compositor não encontrado: Turner, Joseph W.
✅ 675408 / Mary of the Wildwood / INDIVIDUAL / Categorias: 0 / 
✅ 738308 / Mary of the glen / INDIVIDUAL / Categorias: 0 / 
✅ 1481563 / Mary'll Meet Me at the Door / INDIVIDUAL / Categorias: 0 / 
❌ 1186847 / Compositor não encontrado: Relfe, John
✅ 235834 / Mary's Dream / INDIVIDUAL / Categorias: 0 / 
✅ 766451 / Mary's Dream, Hob.XXXIa:1 / INDIVIDUAL / Categorias: 0 / 
❌ 25747 / Compositor não encontrado: Bird, Peter
✅ 1098188 / Mary's Lamb / INDIVIDUAL / Categorias: 0 / 
❌ 1100637 / Compositor não encontrado: Williams, Foden
✅ 888719 / Mary's Song / INDIVIDUAL / Categorias: 0 / 
❌ 332796 / Compositor não encontrado: Shaw, Oliver
✅ 1176165 / Mary's Waiting at the Window / INDIVIDUAL / Categorias: 0 / 
❌ 1231217 / Compositor não encontrado: Tucker, Henry L.
❌ 1074431 / Compositor não encontrado: De Costa, Harry
❌ 1287155 / Compositor não encontrado: Luyster, Mary Robinson
✅ 986827 / Mary, I believe thee true / INDIVIDUAL / Categorias: 0 / 
✅ 902356 / Mary, I believed thee true / INDIVIDUAL / Categorias: 0 / 
✅ 194001 / Mary, Mother Sweet / INDIVIDUAL / Categorias: 0 / 
❌ 746369 / Compositor não encontrado: Sullivan, John Turner Sargent
✅ 1174296 / Mary, O! Come Back to Me / INDIVIDUAL / Categorias: 0 / 
❌ 1361495 / Compositor não encontrado: Owen, Anita
✅ 1257968 / Marya / INDIVIDUAL / Categorias: 0 / 
❌ 1257047 / Compositor não encontrado: Wysocki, Bronisław
✅ 1101922 / Marya, Op.72 / INDIVIDUAL / Categorias: 0 / 
❌ 1189387 / Compositor não encontrado: Denstedt, Charles
❌ 1361498 / Compositor não encontrado: Vandersloot, Reba
❌ 1203369 / Compositor não encontrado: Baltimore, Lady of
❌ 1191319 / Compositor não encontrado: Fortune, M. A.
✅ 1214908 / Maryland, My Maryland! / INDIVIDUAL / Categorias: 0 / 
✅ 1193110 / Maryland, My Maryland!, Op.1450 / INDIVIDUAL / Categorias: 0 / 
❌ 711444 / Compositor não encontrado: Lubomirski, Kazimierz
✅ 860406 / Maryś, Op.22 No.1 / INDIVIDUAL / Categorias: 0 / 
✅ 750331 / Marzenia dziewczyny / INDIVIDUAL / Categorias: 0 / 
✅ 233235 / Marzenia kwiatów, Op.156 / INDIVIDUAL / Categorias: 0 / 
✅ 1263002 / Marzenia o wiośnie / INDIVIDUAL / Categorias: 0 / 
❌ 772754 / Compositor não encontrado: Sikorski, Józef
✅ 1103233 / Marzenia, Op.52 / INDIVIDUAL / Categorias: 0 / 
✅ 1253118 / Marzenie / INDIVIDUAL / Categorias: 0 / 
❌ 960290 / Compositor não encontrado: Auber, Mauricy
❌ 711392 / Compositor não encontrado: Lubomirski, Kazimierz
❌ 863158 / Compositor não encontrado: Foster, Myles Birket
❌ 566205 / Compositor não encontrado: Cofini, Ernesto
❌ 1074714 / Compositor não encontrado: Cruz, Antonio de la
❌ 867545 / Compositor não encontrado: Passuti, Emilio
❌ 1330716 / Compositor não encontrado: Hernández Bellido, José Ramón
❌ 1074719 / Compositor não encontrado: Cruz, Antonio de la
✅ 104026 / María-Concha, Op.58 / INDIVIDUAL / Categorias: 0 / 
✅ 1069141 / María-Luisita, Op.12 / INDIVIDUAL / Categorias: 0 / 
❌ 1020311 / Compositor não encontrado: Reis, Julio
✅ 1229930 / Marília si me não amas, não me digas a verdade, CPM 239 / INDIVIDUAL / Categorias: 0 / 
✅ 1022719 / Marília, meu doce bem / INDIVIDUAL / Categorias: 0 / 
✅ 1155407 / Maríubæn / INDIVIDUAL / Categorias: 0 / 
✅ 149245 / Masaniello / INDIVIDUAL / Categorias: 0 / 
✅ 904077 / Mascarade / INDIVIDUAL / Categorias: 0 / 
❌ 712847 / Compositor não encontrado: Lebossé, Albert
❌ 1199933 / Compositor não encontrado: Dal Vesco, Angelo
❌ 1440291 / Compositor não encontrado: Laurens, Edmond
✅ 1077351 / Mascarilla Chopin / COLLECTED_WORKS / Categorias: 0 / 
✅ 434354 / Mascha und Pascha, Op.36 / COLLECTED_WORKS / Categorias: 0 / 
✅ 754816 / Mascherata de cacciatori / INDIVIDUAL / Categorias: 0 / 
❌ 465519 / Compositor não encontrado: Croce, Giovanni
✅ 1476877 / Maschere che passano / INDIVIDUAL / Categorias: 0 / 
❌ 385983 / Compositor não encontrado: Bromme, Walter
✅ 315993 / Mascotte / INDIVIDUAL / Categorias: 0 / 
✅ 844803 / Mash Botoi / INDIVIDUAL / Categorias: 0 / 
✅ 1507951 / Mashabosh hopped after their dugouts crying winipego / INDIVIDUAL / Categorias: 0 / 
❌ 1026541 / Compositor não encontrado: Omid, Aryan
❌ 1026795 / Compositor não encontrado: Omid, Aryan
❌ 1027088 / Compositor não encontrado: Omid, Aryan
❌ 1027390 / Compositor não encontrado: Omid, Aryan
❌ 1027502 / Compositor não encontrado: Omid, Aryan
❌ 1094183 / Compositor não encontrado: Omid, Aryan
❌ 1094836 / Compositor não encontrado: Omid, Aryan
✅ 1360652 / Mashtots / INDIVIDUAL / Categorias: 0 / 
✅ 46409 / Maskarade, CNW 2 / COLLECTED_WORKS / Categorias: 0 / 
✅ 166240 / Masked Ball for Two Pianos, Op.36 / COLLECTED_WORKS / Categorias: 0 / 
❌ 1205721 / Compositor não encontrado: Prêvot, Arnot
✅ 14147 / Masken, Op.59 / INDIVIDUAL / Categorias: 0 / 
❌ 910280 / Compositor não encontrado: Kéler, Béla
✅ 131378 / Masken-Lieder, Op.170 / INDIVIDUAL / Categorias: 0 / 
✅ 42738 / Maskenball, Op.121 / COLLECTED_WORKS / Categorias: 0 / 
❌ 465066 / Compositor não encontrado: Bohm, Carl
✅ 780184 / Maskencherze, Op.69 / INDIVIDUAL / Categorias: 0 / 
✅ 406019 / Maskenfest-Quadrille, Op.92 / INDIVIDUAL / Categorias: 0 / 
✅ 784867 / Maskengeheimnisse, Op.100 / INDIVIDUAL / Categorias: 0 / 
✅ 144978 / Maskenscherz, Op.78 / INDIVIDUAL / Categorias: 0 / 
✅ 1076981 / Maskenspiel des Eros, Op.98 / INDIVIDUAL / Categorias: 0 / 
✅ 778815 / Maskentrubel, Op.27 / INDIVIDUAL / Categorias: 0 / 
✅ 413425 / Maskenzug-Polka, Op.240 / INDIVIDUAL / Categorias: 0 / 
✅ 1482867 / Masks, F.141 / INDIVIDUAL / Categorias: 0 / 
✅ 675613 / Masonic Ode / INDIVIDUAL / Categorias: 0 / 
❌ 422529 / Compositor não encontrado: Eastman, Luke
❌ 561472 / Compositor não encontrado: Lupo, Thomas
❌ 451575 / Compositor não encontrado: Lupo, Thomas
✅ 236158 / Masque in Honour of the Marriage of Lord Hayes / COLLABORATION / Categorias: 0 / 
✅ 386920 / Masque of St. Louis / INDIVIDUAL / Categorias: 0 / 
❌ 1180293 / Compositor não encontrado: Hook, James
❌ 329104 / Compositor não encontrado: Hook, James
✅ 1312613 / Masquerade-Symphonie / INDIVIDUAL / Categorias: 0 / 
✅ 10162 / Masques / INDIVIDUAL / Categorias: 0 / 
❌ 1072372 / Compositor não encontrado: Mourey, Colette
✅ 42535 / Masques et Bergamasques, suite, Op.112 / COMPLETE_WORK / Categorias: 0 / 
✅ 743347 / Masques, Op.13 / INDIVIDUAL / Categorias: 0 / 
✅ 35228 / Masques, Op.34 / INDIVIDUAL / Categorias: 0 / 
❌ 706306 / Compositor não encontrado: Giroust, François
❌ 940340 / Compositor não encontrado: Alwood, Richard
✅ 641883 / Mass / INDIVIDUAL / Categorias: 0 / 
❌ 736209 / Compositor não encontrado: Baker, Dorothea
✅ 318591 / Mass No.1 / INDIVIDUAL / Categorias: 0 / 
✅ 8941 / Mass No.1 in A-flat major, CG 64 / INDIVIDUAL / Categorias: 0 / 
✅ 916699 / Mass No.1 in B-flat major, Op.77 / INDIVIDUAL / Categorias: 0 / 
✅ 925684 / Mass No.1 in D major / INDIVIDUAL / Categorias: 0 / 
✅ 302024 / Mass No.1 in D minor / INDIVIDUAL / Categorias: 0 / 
✅ 41673 / Mass No.1 in D minor, WAB 26 / INDIVIDUAL / Categorias: 0 / 
✅ 695818 / Mass No.1 in F major / INDIVIDUAL / Categorias: 0 / 
❌ 761674 / Compositor não encontrado: Carpenter, Moses
❌ 183139 / Compositor não encontrado: Smith, Charles W.
❌ 630864 / Compositor não encontrado: Rosewig, Albert Henry
✅ 305391 / Mass No.1, Op.143 / INDIVIDUAL / Categorias: 0 / 
❌ 1483605 / Compositor não encontrado: Hanisch, Joseph
✅ 799205 / Mass No.1, Op.20 / INDIVIDUAL / Categorias: 0 / 
✅ 1271939 / Mass No.1, Op.27 / INDIVIDUAL / Categorias: 0 / 
✅ 959643 / Mass No.1, Op.28 / INDIVIDUAL / Categorias: 0 / 
✅ 215035 / Mass No.1, Op.4 / INDIVIDUAL / Categorias: 0 / 
✅ 395173 / Mass No.12 in A minor / INDIVIDUAL / Categorias: 0 / 
✅ 1486007 / Mass No.12, Op.37 / INDIVIDUAL / Categorias: 0 / 
✅ 777116 / Mass No.14, Op.203 / INDIVIDUAL / Categorias: 0 / 
❌ 737898 / Compositor não encontrado: Baker, Dorothea
✅ 1123360 / Mass No.2 / INDIVIDUAL / Categorias: 0 / 
✅ 53875 / Mass No.2 in E minor, WAB 27 / INDIVIDUAL / Categorias: 0 / 
❌ 760756 / Compositor não encontrado: De Merlier, Louis
✅ 29859 / Mass No.2 in G major, CG 71 / INDIVIDUAL / Categorias: 0 / 
✅ 162120 / Mass No.2, Op.103 / INDIVIDUAL / Categorias: 0 / 
✅ 670013 / Mass No.2, Op.2 / INDIVIDUAL / Categorias: 0 / 
❌ 787919 / Compositor não encontrado: Hanisch, Joseph
✅ 359123 / Mass No.2, Op.29 / INDIVIDUAL / Categorias: 0 / 
✅ 216156 / Mass No.2, Op.5 / INDIVIDUAL / Categorias: 0 / 
✅ 1027570 / Mass No.3 / INDIVIDUAL / Categorias: 0 / 
✅ 1273790 / Mass No.3 in C major / INDIVIDUAL / Categorias: 0 / 
✅ 196042 / Mass No.3 in E-flat major, Op.111 / INDIVIDUAL / Categorias: 0 / 
✅ 53872 / Mass No.3 in F minor, WAB 28 / INDIVIDUAL / Categorias: 0 / 
✅ 622879 / Mass No.3, Op.29 / INDIVIDUAL / Categorias: 0 / 
❌ 628097 / Compositor não encontrado: Rosewig, Albert Henry
✅ 655454 / Mass No.3, Op.7 / INDIVIDUAL / Categorias: 0 / 
✅ 393704 / Mass No.3, Op.7a / INDIVIDUAL / Categorias: 0 / 
✅ 732375 / Mass No.3, Op.95 / INDIVIDUAL / Categorias: 0 / 
❌ 725402 / Compositor não encontrado: Nussbaumer, Karl
✅ 655457 / Mass No.4, Op.9 / INDIVIDUAL / Categorias: 0 / 
✅ 508418 / Mass No.5 'Requiem', Op.9 / INDIVIDUAL / Categorias: 0 / 
✅ 109625 / Mass No.5 in C major, CG 65 / INDIVIDUAL / Categorias: 0 / 
✅ 934797 / Mass No.5, D.678 / INDIVIDUAL / Categorias: 0 / 
✅ 911030 / Mass No.6 / INDIVIDUAL / Categorias: 0 / 
✅ 205148 / Mass No.6 in G major / INDIVIDUAL / Categorias: 0 / 
✅ 1214467 / Mass No.7 in F major / INDIVIDUAL / Categorias: 0 / 
✅ 193997 / Mass No.8 in B-flat major / INDIVIDUAL / Categorias: 0 / 
✅ 1045353 / Mass Pair for Christmas / INDIVIDUAL / Categorias: 0 / 
✅ 1045982 / Mass Pair for Penitence / INDIVIDUAL / Categorias: 0 / 
❌ 1020359 / Compositor não encontrado: Sysmoebius, Z Q
❌ 327036 / Compositor não encontrado: Poulsen, Brian Stenger
✅ 750920 / Mass dedicated to Fray Junípero Serra / INDIVIDUAL / Categorias: 0 / 
❌ 1291463 / Compositor não encontrado: Pozzetti, Giuseppe
❌ 608986 / Compositor não encontrado: Bird, Melvin Clive
✅ 674750 / Mass for 3 Voices / INDIVIDUAL / Categorias: 0 / 
✅ 249121 / Mass for 3 Voices, T 2 / INDIVIDUAL / Categorias: 0 / 
✅ 156895 / Mass for 4 Voices / INDIVIDUAL / Categorias: 0 / 
❌ 1058954 / Compositor não encontrado: Pavona, Pietro Alessandro
✅ 811581 / Mass for 4 Voices, Op.6 / INDIVIDUAL / Categorias: 0 / 
✅ 240391 / Mass for 4 Voices, SV 190 / INDIVIDUAL / Categorias: 0 / 
✅ 240407 / Mass for 4 Voices, SV 257 / INDIVIDUAL / Categorias: 0 / 
✅ 153758 / Mass for 4 Voices, T 1 / INDIVIDUAL / Categorias: 0 / 
❌ 605723 / Compositor não encontrado: Pedersøn, Mogens
✅ 59781 / Mass for 5 Voices, T 3 / INDIVIDUAL / Categorias: 0 / 
✅ 240552 / Mass for 6 Voices, SV 205 / INDIVIDUAL / Categorias: 0 / 
❌ 429830 / Compositor não encontrado: Grund, Friedrich Wilhelm
✅ 627726 / Mass for Eight Operatic Voices / INDIVIDUAL / Categorias: 0 / 
✅ 658636 / Mass for Female Choir and Organ / INDIVIDUAL / Categorias: 0 / 
❌ 250631 / Compositor não encontrado: Schnurrenberger, Peter
❌ 609042 / Compositor não encontrado: Bird, Melvin Clive
❌ 716536 / Compositor não encontrado: Lasceux, Guillaume
❌ 673787 / Compositor não encontrado: Lasceux, Guillaume
❌ 718746 / Compositor não encontrado: Lasceux, Guillaume
❌ 721326 / Compositor não encontrado: Lasceux, Guillaume
❌ 700708 / Compositor não encontrado: Lasceux, Guillaume
❌ 711419 / Compositor não encontrado: Lasceux, Guillaume
❌ 713659 / Compositor não encontrado: Lasceux, Guillaume
✅ 628169 / Mass for Soprano and Chamber Organ / INDIVIDUAL / Categorias: 0 / 
✅ 134231 / Mass for Three Voices / INDIVIDUAL / Categorias: 0 / 
❌ 254575 / Compositor não encontrado: Schnurrenberger, Peter
❌ 618411 / Compositor não encontrado: Bird, Melvin Clive
✅ 660858 / Mass for a Penitential Season / INDIVIDUAL / Categorias: 0 / 
✅ 214440 / Mass for the Coronation of Charles X / INDIVIDUAL / Categorias: 0 / 
❌ 1115210 / Compositor não encontrado: Foschi, Carlo
✅ 598625 / Mass in A major 'Quia mihi et tibi' / INDIVIDUAL / Categorias: 0 / 
❌ 384765 / Compositor não encontrado: Ammann, Johann Jakob
✅ 1468494 / Mass in A major / INDIVIDUAL / Categorias: 0 / 
✅ 152291 / Mass in A major, BWV 234 / INDIVIDUAL / Categorias: 0 / 
✅ 1183753 / Mass in A major, Op.126 / INDIVIDUAL / Categorias: 0 / 
✅ 762014 / Mass in A major, StWV 114 / INDIVIDUAL / Categorias: 0 / 
✅ 1226450 / Mass in A minor 'Mundata est lepra eius' / INDIVIDUAL / Categorias: 0 / 
❌ 563241 / Compositor não encontrado: Benaut, Josse-François-Joseph
❌ 472009 / Compositor não encontrado: Brunetti, Giovan Gualberto
❌ 361162 / Compositor não encontrado: Drobisch, Johannes Friedrich
✅ 1063040 / Mass in A minor / INDIVIDUAL / Categorias: 0 / 
✅ 56318 / Mass in A minor, D.755 / INDIVIDUAL / Categorias: 0 / 
✅ 842256 / Mass in A minor, Op.197 / INDIVIDUAL / Categorias: 0 / 
✅ 1011293 / Mass in A-flat major / INDIVIDUAL / Categorias: 0 / 
✅ 6224 / Mass in A-flat major, D.678 / INDIVIDUAL / Categorias: 0 / 
❌ 385751 / Compositor não encontrado: Peters, Rob
✅ 651389 / Mass in B minor 'Matris dolorosae' / INDIVIDUAL / Categorias: 0 / 
❌ 1051442 / Compositor não encontrado: Dossert, Frank
✅ 4197 / Mass in B minor, BWV 232 / INDIVIDUAL / Categorias: 0 / 
✅ 1135917 / Mass in B-flat major 'Aschfelder Messe' / INDIVIDUAL / Categorias: 0 / 
✅ 1324795 / Mass in B-flat major 'Liberae dispositionis' / INDIVIDUAL / Categorias: 0 / 
✅ 651408 / Mass in B-flat major 'Sancti Francisci' / INDIVIDUAL / Categorias: 0 / 
✅ 516024 / Mass in B-flat major / INDIVIDUAL / Categorias: 0 / 
✅ 56219 / Mass in B-flat major, D.324 / INDIVIDUAL / Categorias: 0 / 
✅ 191245 / Mass in B-flat major, Hob.XXII:10 / INDIVIDUAL / Categorias: 0 / 
✅ 69509 / Mass in B-flat major, Hob.XXII:12 / INDIVIDUAL / Categorias: 0 / 
✅ 335674 / Mass in B-flat major, Hob.XXII:13 / INDIVIDUAL / Categorias: 0 / 
✅ 216265 / Mass in B-flat major, Hob.XXII:14 / INDIVIDUAL / Categorias: 0 / 
✅ 626014 / Mass in B-flat major, Hob.XXII:7 / INDIVIDUAL / Categorias: 0 / 
✅ 780599 / Mass in B-flat major, Op.172 / INDIVIDUAL / Categorias: 0 / 
❌ 832901 / Compositor não encontrado: Kayser, Isfrid
✅ 498894 / Mass in B-flat major, Op.37 / INDIVIDUAL / Categorias: 0 / 
✅ 704333 / Mass in B-flat major, Op.85 / INDIVIDUAL / Categorias: 0 / 
✅ 749150 / Mass in B-flat major, StWV 115 / INDIVIDUAL / Categorias: 0 / 
❌ 872932 / Compositor não encontrado: Thomas, William Edwin
❌ 1337970 / Compositor não encontrado: Doğaner, Emir Efe
✅ 651416 / Mass in C major 'Desiderij' / INDIVIDUAL / Categorias: 0 / 
✅ 1216738 / Mass in C major 'Divi Xaverii' / INDIVIDUAL / Categorias: 0 / 
✅ 1377613 / Mass in C major 'Fidei vivae' / INDIVIDUAL / Categorias: 0 / 
✅ 651411 / Mass in C major 'Gratiarum' / INDIVIDUAL / Categorias: 0 / 
✅ 1398619 / Mass in C major 'Laetare' / INDIVIDUAL / Categorias: 0 / 
✅ 1333980 / Mass in C major 'Laudate eum omnes angeli eius' / INDIVIDUAL / Categorias: 0 / 
✅ 642060 / Mass in C major 'Solemnis' / INDIVIDUAL / Categorias: 0 / 
✅ 642073 / Mass in C major 'Venerationis' / INDIVIDUAL / Categorias: 0 / 
✅ 1317807 / Mass in C major 'di Toson' / INDIVIDUAL / Categorias: 0 / 
❌ 554932 / Compositor não encontrado: Benaut, Josse-François-Joseph
❌ 479666 / Compositor não encontrado: Cerruti, Giuseppe
✅ 214443 / Mass in C major / INDIVIDUAL / Categorias: 0 / 
✅ 1300963 / Mass in C major, A-Ed A 174 / INDIVIDUAL / Categorias: 0 / 
❌ 1349037 / Compositor não encontrado: Ehrenhardt, Johann Franz
✅ 1343761 / Mass in C major, A-Ed A 44 / INDIVIDUAL / Categorias: 0 / 
✅ 1363296 / Mass in C major, D-LEb Go. S. 264 / INDIVIDUAL / Categorias: 0 / 
✅ 56205 / Mass in C major, D.452 / INDIVIDUAL / Categorias: 0 / 
✅ 328109 / Mass in C major, Hob.XXII:5 / INDIVIDUAL / Categorias: 0 / 
✅ 635295 / Mass in C major, Hob.XXII:8 / INDIVIDUAL / Categorias: 0 / 
✅ 153736 / Mass in C major, Hob.XXII:9 / INDIVIDUAL / Categorias: 0 / 
❌ 161262 / Compositor não encontrado: Mozart, Wolfgang Amadeus
❌ 103391 / Compositor não encontrado: Mozart, Wolfgang Amadeus
❌ 161676 / Compositor não encontrado: Mozart, Wolfgang Amadeus
❌ 61633 / Compositor não encontrado: Mozart, Wolfgang Amadeus
❌ 160862 / Compositor não encontrado: Mozart, Wolfgang Amadeus
✅ 1013214 / Mass in C major, MH 42 / INDIVIDUAL / Categorias: 0 / 
✅ 540845 / Mass in C major, Op.108 / INDIVIDUAL / Categorias: 0 / 
✅ 73247 / Mass in C major, Op.14 / INDIVIDUAL / Categorias: 0 / 
✅ 486863 / Mass in C major, Op.169 / INDIVIDUAL / Categorias: 0 / 
❌ 838604 / Compositor não encontrado: Pinzger, Romanus
✅ 5379 / Mass in C major, Op.86 / INDIVIDUAL / Categorias: 0 / 
❌ 485934 / Compositor não encontrado: Sborgi, Gasparo
❌ 486248 / Compositor não encontrado: Sborgi, Gasparo
✅ 470206 / Mass in C major, StWV 116 / INDIVIDUAL / Categorias: 0 / 
❌ 330989 / Compositor não encontrado: Benaut, Josse-François-Joseph
✅ 188050 / Mass in C minor / INDIVIDUAL / Categorias: 0 / 
❌ 61174 / Compositor não encontrado: Mozart, Wolfgang Amadeus
✅ 29943 / Mass in C minor, Op.147 / INDIVIDUAL / Categorias: 0 / 
✅ 185730 / Mass in C minor, Op.54 / INDIVIDUAL / Categorias: 0 / 
✅ 470354 / Mass in C-sharp minor, Op.50 / INDIVIDUAL / Categorias: 0 / 
✅ 1418324 / Mass in D / INDIVIDUAL / Categorias: 0 / 
✅ 836010 / Mass in D Dorian / INDIVIDUAL / Categorias: 0 / 
✅ 1239737 / Mass in D major 'Intende in adiutorium meum' / INDIVIDUAL / Categorias: 0 / 
✅ 1135921 / Mass in D major 'Tübinger Messe' / INDIVIDUAL / Categorias: 0 / 
✅ 651364 / Mass in D major 'Vix orimur morimur' / INDIVIDUAL / Categorias: 0 / 
✅ 257948 / Mass in D major / INDIVIDUAL / Categorias: 0 / 
✅ 1235044 / Mass in D major, A-Wn HK.5/I / INDIVIDUAL / Categorias: 0 / 
✅ 619914 / Mass in D major, FaWV G:D1 / INDIVIDUAL / Categorias: 0 / 
✅ 696632 / Mass in D major, MH 796 / INDIVIDUAL / Categorias: 0 / 
✅ 915921 / Mass in D major, Op.111 / INDIVIDUAL / Categorias: 0 / 
✅ 73347 / Mass in D major, Op.16 / INDIVIDUAL / Categorias: 0 / 
✅ 59531 / Mass in D major, Op.86 / INDIVIDUAL / Categorias: 0 / 
✅ 468810 / Mass in D major, P.46 / INDIVIDUAL / Categorias: 0 / 
✅ 1236035 / Mass in D major, P.58 / INDIVIDUAL / Categorias: 0 / 
✅ 847574 / Mass in D major, PWV B15 / INDIVIDUAL / Categorias: 0 / 
✅ 758125 / Mass in D major, StWV 112 / INDIVIDUAL / Categorias: 0 / 
✅ 614329 / Mass in D minor 'Providentiae' / INDIVIDUAL / Categorias: 0 / 
❌ 553282 / Compositor não encontrado: Benaut, Josse-François-Joseph
✅ 996502 / Mass in D minor / INDIVIDUAL / Categorias: 0 / 
✅ 141537 / Mass in D minor, Hob.XXII:11 / INDIVIDUAL / Categorias: 0 / 
✅ 690429 / Mass in D minor, JWV 2 / INDIVIDUAL / Categorias: 0 / 
✅ 117127 / Mass in D minor, Op.10 / INDIVIDUAL / Categorias: 0 / 
❌ 389947 / Compositor não encontrado: Peters, Rob
❌ 1132297 / Compositor não encontrado: Schnabel, Joseph
✅ 756660 / Mass in E major, Op.4 / INDIVIDUAL / Categorias: 0 / 
✅ 183155 / Mass in E major, Op.50 / INDIVIDUAL / Categorias: 0 / 
✅ 651414 / Mass in E minor 'Comemorationis' / INDIVIDUAL / Categorias: 0 / 
✅ 117977 / Mass in E minor 'Dolorosa' / INDIVIDUAL / Categorias: 0 / 
✅ 714877 / Mass in E minor / INDIVIDUAL / Categorias: 0 / 
✅ 627208 / Mass in E minor, R.511/2 / INDIVIDUAL / Categorias: 0 / 
✅ 1376043 / Mass in E-flat major / INDIVIDUAL / Categorias: 0 / 
✅ 467982 / Mass in E-flat major, CPM 118 / INDIVIDUAL / Categorias: 0 / 
✅ 6225 / Mass in E-flat major, D.950 / INDIVIDUAL / Categorias: 0 / 
❌ 583343 / Compositor não encontrado: Graun, Johann Gottlieb
✅ 922800 / Mass in E-flat major, Hob.XXII:4 / INDIVIDUAL / Categorias: 0 / 
✅ 760919 / Mass in E-flat major, JWV 57 / INDIVIDUAL / Categorias: 0 / 
✅ 555888 / Mass in E-flat major, Op.109 / INDIVIDUAL / Categorias: 0 / 
✅ 119266 / Mass in E-flat major, Op.38 / INDIVIDUAL / Categorias: 0 / 
✅ 10012 / Mass in E-flat major, Op.5 / INDIVIDUAL / Categorias: 0 / 
✅ 900738 / Mass in E-flat major, Op.80 / INDIVIDUAL / Categorias: 0 / 
✅ 699754 / Mass in E-flat major, WAB 139 / INDIVIDUAL / Categorias: 0 / 
❌ 1003998 / Compositor não encontrado: Marques e Silva, Frei José de Santa Rita
❌ 561195 / Compositor não encontrado: Benaut, Josse-François-Joseph
✅ 661729 / Mass in F major / INDIVIDUAL / Categorias: 0 / 
✅ 1213028 / Mass in F major (D-Dl Mus.2170-D-11) / INDIVIDUAL / Categorias: 0 / 
✅ 152289 / Mass in F major, BWV 233 / INDIVIDUAL / Categorias: 0 / 
✅ 55860 / Mass in F major, D.105 / INDIVIDUAL / Categorias: 0 / 
✅ 1363578 / Mass in F major, D.24e / INDIVIDUAL / Categorias: 0 / 
✅ 619917 / Mass in F major, FaWV G:F1 / INDIVIDUAL / Categorias: 0 / 
✅ 924017 / Mass in F major, Hob.XXII:1 / INDIVIDUAL / Categorias: 0 / 
✅ 826621 / Mass in F major, Krebs-WV 101 / INDIVIDUAL / Categorias: 0 / 
❌ 1130478 / Compositor não encontrado: Hoffmann, Carl Julius Adolph Hugo
✅ 73692 / Mass in F major, Op.16 / INDIVIDUAL / Categorias: 0 / 
❌ 635675 / Compositor não encontrado: León Periñán, Daniel
✅ 73693 / Mass in F major, Op.62 / INDIVIDUAL / Categorias: 0 / 
✅ 1269897 / Mass in F minor / INDIVIDUAL / Categorias: 0 / 
✅ 184092 / Mass in F minor, Op.159 / INDIVIDUAL / Categorias: 0 / 
✅ 1204528 / Mass in G major 'Consolationis' / INDIVIDUAL / Categorias: 0 / 
✅ 1126772 / Mass in G major 'Salzburger Messe' / INDIVIDUAL / Categorias: 0 / 
❌ 449177 / Compositor não encontrado: Bassani, Giovanni Battista
❌ 171710 / Compositor não encontrado: Campderrós, José de
✅ 1476369 / Mass in G major / INDIVIDUAL / Categorias: 0 / 
✅ 152293 / Mass in G major, BWV 236 / INDIVIDUAL / Categorias: 0 / 
✅ 56231 / Mass in G major, D.167 / INDIVIDUAL / Categorias: 0 / 
✅ 499071 / Mass in G major, FP 89 / INDIVIDUAL / Categorias: 0 / 
✅ 922584 / Mass in G major, Hob.XXII:3 / INDIVIDUAL / Categorias: 0 / 
✅ 634778 / Mass in G major, Hob.XXII:6 / INDIVIDUAL / Categorias: 0 / 
✅ 844875 / Mass in G major, Op.1 No.1 / INDIVIDUAL / Categorias: 0 / 
✅ 73432 / Mass in G major, Op.18 / INDIVIDUAL / Categorias: 0 / 
✅ 320581 / Mass in G major, Op.46 / INDIVIDUAL / Categorias: 0 / 
✅ 903162 / Mass in G major, WoO VI/2 / INDIVIDUAL / Categorias: 0 / 
✅ 651366 / Mass in G minor 'Reformata' / INDIVIDUAL / Categorias: 0 / 
✅ 613607 / Mass in G minor / INDIVIDUAL / Categorias: 0 / 
✅ 152292 / Mass in G minor, BWV 235 / INDIVIDUAL / Categorias: 0 / 
✅ 330980 / Mass in G minor, Op.13 / INDIVIDUAL / Categorias: 0 / 
✅ 363501 / Mass in Honor of Our Lady of Aparecida / COLLECTED_WORKS / Categorias: 0 / 
❌ 462790 / Compositor não encontrado: Predmore, George V.
✅ 833006 / Mass in Honor of St. Anthony / INDIVIDUAL / Categorias: 0 / 
✅ 723758 / Mass in Honor of St. Anthony of Padua / INDIVIDUAL / Categorias: 0 / 
✅ 622989 / Mass in Honor of St. Barbara / INDIVIDUAL / Categorias: 0 / 
❌ 724842 / Compositor não encontrado: Kaim, Adolf
✅ 624328 / Mass in Honor of St. Catherine, Op.55 / INDIVIDUAL / Categorias: 0 / 
✅ 362724 / Mass in Honor of St. Cecilia / COLLECTED_WORKS / Categorias: 0 / 
✅ 727327 / Mass in Honor of St. Dominic / INDIVIDUAL / Categorias: 0 / 
✅ 703429 / Mass in Honor of St. Frances Xavier Cabrini / INDIVIDUAL / Categorias: 0 / 
❌ 131956 / Compositor não encontrado: Schehl, J. Alfred
❌ 317592 / Compositor não encontrado: Wiegand, John
✅ 1330339 / Mass in Honor of St. Pius V / INDIVIDUAL / Categorias: 0 / 
✅ 901542 / Mass in Honor of St. Rita / INDIVIDUAL / Categorias: 0 / 
✅ 1213563 / Mass in Honor of St. Theresa / INDIVIDUAL / Categorias: 0 / 
❌ 1330292 / Compositor não encontrado: Yon, Pietro
✅ 892872 / Mass in Honor of the Nativity of the Child Jesus / INDIVIDUAL / Categorias: 0 / 
✅ 724849 / Mass in Honor of the Sacred Heart of Jesus / INDIVIDUAL / Categorias: 0 / 
✅ 19812 / Mass in Popular Style / INDIVIDUAL / Categorias: 0 / 
✅ 829890 / Mass in honor of 'The Little Flower' / INDIVIDUAL / Categorias: 0 / 
✅ 753484 / Mass in honor of St. Angela / INDIVIDUAL / Categorias: 0 / 
✅ 753723 / Mass in honor of St. Anthony of Padua / INDIVIDUAL / Categorias: 0 / 
❌ 763181 / Compositor não encontrado: Horen, Matthew A.
✅ 1213683 / Mass in honor of St. Lawrence / INDIVIDUAL / Categorias: 0 / 
❌ 828829 / Compositor não encontrado: Silver, Alfred Jethro
✅ 750938 / Mass in honor of the Blessed Sacrament / INDIVIDUAL / Categorias: 0 / 
❌ 854464 / Compositor não encontrado: Schehl, J. Alfred
❌ 711907 / Compositor não encontrado: Wiegand, John
❌ 1505248 / Compositor não encontrado: Mowatt, Simon
✅ 326678 / Mass of Saint Bernard / INDIVIDUAL / Categorias: 0 / 
❌ 667072 / Compositor não encontrado: Cary, Alphonse
❌ 1115227 / Compositor não encontrado: McManus, Stephen
✅ 684677 / Mass of St. Dominic / INDIVIDUAL / Categorias: 0 / 
✅ 775953 / Mass of St. Gregory / INDIVIDUAL / Categorias: 0 / 
✅ 901120 / Mass of St. Hugh / INDIVIDUAL / Categorias: 0 / 
❌ 1114090 / Compositor não encontrado: McManus, Stephen
❌ 336387 / Compositor não encontrado: McManus, Stephen
❌ 460800 / Compositor não encontrado: Baetens, Charles M
❌ 347747 / Compositor não encontrado: McManus, Stephen
❌ 460805 / Compositor não encontrado: Baetens, Charles M
❌ Mass of the Blessed Virgin (Brumel, Antoine) / Compositor não encontrado: Brumel, Antoine
❌ 773123 / Compositor não encontrado: Bartschmid, Alois
❌ 336402 / Compositor não encontrado: McManus, Stephen
❌ 317106 / Compositor não encontrado: McManus, Stephen
✅ 20189 / Mass of the One / INDIVIDUAL / Categorias: 0 / 
❌ 728575 / Compositor não encontrado: Yon, Pietro
❌ 1468046 / Compositor não encontrado: Groth, Jan
❌ 569106 / Compositor não encontrado: Rizzo-Weaver, Justin
✅ 183236 / Mass via victrix, Op.173 / INDIVIDUAL / Categorias: 0 / 
✅ 1045800 / Mass with Bell / INDIVIDUAL / Categorias: 0 / 
✅ 1199481 / Mass, K077 / INDIVIDUAL / Categorias: 0 / 
✅ 259441 / Mass, Op.105 / INDIVIDUAL / Categorias: 0 / 
✅ 29861 / Mass, Op.12 / INDIVIDUAL / Categorias: 0 / 
✅ 1288583 / Mass, Op.137 / INDIVIDUAL / Categorias: 0 / 
❌ 302768 / Compositor não encontrado: Bauer, Alois
✅ 467897 / Mass, Op.28 / INDIVIDUAL / Categorias: 0 / 
✅ 210240 / Mass, Op.36 / INDIVIDUAL / Categorias: 0 / 
✅ 474858 / Mass, Op.4 / INDIVIDUAL / Categorias: 0 / 
✅ 738760 / Mass, Op.43 / INDIVIDUAL / Categorias: 0 / 
✅ 760244 / Mass, Op.55 / INDIVIDUAL / Categorias: 0 / 
✅ 717086 / Mass, Op.6 / INDIVIDUAL / Categorias: 0 / 
✅ 760246 / Mass, Op.67 / INDIVIDUAL / Categorias: 0 / 
❌ 860717 / Compositor não encontrado: Filke, Max
✅ 586673 / Mass, Op.92 / INDIVIDUAL / Categorias: 0 / 
✅ 777520 / Mass, SN13.17 / INDIVIDUAL / Categorias: 0 / 
❌ 415799 / Compositor não encontrado: Fuchs, Valentin
❌ 415801 / Compositor não encontrado: Fuchs, Valentin
✅ 203532 / Massa's in de Cold Ground / INDIVIDUAL / Categorias: 0 / 
✅ 203655 / Massa's in the Cold Ground with Variations, Op.367 / INDIVIDUAL / Categorias: 0 / 
✅ 734691 / Massa's in the Cold, Cold Ground / INDIVIDUAL / Categorias: 0 / 
✅ 1116330 / Massa's in the Cold, Cold Ground, Op.95 / INDIVIDUAL / Categorias: 0 / 
✅ 1189109 / Massa, Aint de Ole Home Lonely? / INDIVIDUAL / Categorias: 0 / 
❌ 515546 / Compositor não encontrado: Baker, Everett L.
✅ 572704 / Massacaglia e Fuga / INDIVIDUAL / Categorias: 0 / 
❌ 1424737 / Compositor não encontrado: Roberts, Luckey
❌ 1116338 / Compositor não encontrado: Doherty, Beulah Kendall
✅ 1152427 / Massai's Favorite / INDIVIDUAL / Categorias: 0 / 
✅ 1271563 / Massilia / INDIVIDUAL / Categorias: 0 / 
✅ 555182 / Massimo Puppieno, R.343.27 / INDIVIDUAL / Categorias: 0 / 
❌ 628786 / Compositor não encontrado: Grieben, Th.
❌ 1052435 / Compositor não encontrado: Voyé, Willy
✅ 854890 / Master Bob / INDIVIDUAL / Categorias: 0 / 
❌ 1212263 / Compositor não encontrado: Nelson-King, Peter Roddy
❌ 1152429 / Compositor não encontrado: Gow, Niel
✅ 463718 / Master Instructor for the Tenor Banjo / INDIVIDUAL / Categorias: 0 / 
✅ 1144956 / Master Keyboard, Op.43 / INDIVIDUAL / Categorias: 0 / 
❌ 1410808 / Compositor não encontrado: Bologne, M. G.
✅ 468574 / Master School of Piano Playing and Virtuosity / COLLECTED_WORKS / Categorias: 0 / 
✅ 1344285 / Master Series For The Young / COLLECTED_WORKS / Categorias: 0 / 
✅ 1344551 / Master Series For The Young, Volume 1 / COMPLETE_WORK / Categorias: 0 / 
✅ 1344558 / Master Series For The Young, Volume 12 / COMPLETE_WORK / Categorias: 0 / 
✅ 1344553 / Master Series For The Young, Volume 3 / COMPLETE_WORK / Categorias: 0 / 
❌ 1344545 / Compositor não encontrado: Mozart, Wolfgang Amadeus
✅ 1344647 / Master Series For The Young, Volume 5 / COMPLETE_WORK / Categorias: 0 / 
✅ 1344556 / Master Series For The Young, Volume 9 / COMPLETE_WORK / Categorias: 0 / 
❌ 1173344 / Compositor não encontrado: Handel, George Frideric
✅ 1173384 / Master Series for the Young / COLLECTED_WORKS / Categorias: 0 / 
❌ 388516 / Compositor não encontrado: Baildon, Joseph
✅ 742481 / Master and Pupil / INDIVIDUAL / Categorias: 0 / 
✅ 350742 / Master-Pieces for the Organ / INDIVIDUAL / Categorias: 0 / 
✅ 140424 / Mastering the Scales and Arpeggios / INDIVIDUAL / Categorias: 0 / 
✅ 229558 / Masterpieces Selected from the Works of XVIII Century Composers / COLLECTIONS_WITH / Categorias: 0 / 
❌ 513861 / Compositor não encontrado: Wier, Albert Ernest
✅ 710623 / Masters in this Hall / COLLECTED_WORKS / Categorias: 0 / 
✅ 735718 / Masters of German Music / INDIVIDUAL / Categorias: 0 / 
❌ 505700 / Compositor não encontrado: Martelli, Giulio
❌ 1050201 / Compositor não encontrado: Brooks, Ellis
❌ 1097437 / Compositor não encontrado: Schörtzel
❌ 1228182 / Compositor não encontrado: Chudoba, Ignacy G.
✅ 1232440 / Masurka tirée de l'opéra Guillaume Tell / INDIVIDUAL / Categorias: 0 / 
✅ 649802 / Masurka varié / INDIVIDUAL / Categorias: 0 / 
✅ 448485 / Mat's pieces / INDIVIDUAL / Categorias: 0 / 
❌ 955938 / Compositor não encontrado: Sanz, Gaspar
✅ 575170 / Matador-Marsch, Op.406 / INDIVIDUAL / Categorias: 0 / 
✅ 495413 / Matais de incêndios / INDIVIDUAL / Categorias: 0 / 
✅ 653485 / Matalè / INDIVIDUAL / Categorias: 0 / 
✅ 1347981 / Matamore, Op.178 / INDIVIDUAL / Categorias: 0 / 
✅ 163860 / Mataswintha, ScharWV.150 / INDIVIDUAL / Categorias: 0 / 
❌ 244281 / Compositor não encontrado: Elliott, Percy
✅ 1092840 / Matei / INDIVIDUAL / Categorias: 0 / 
✅ 1044937 / Matelda, Op.140 / INDIVIDUAL / Categorias: 0 / 
✅ 813823 / Matelot / INDIVIDUAL / Categorias: 0 / 
❌ 864305 / Compositor não encontrado: Cheret, Pierre-Jacques
❌ 544876 / Compositor não encontrado: De Crescenzo, Vincenzo
❌ 651308 / Compositor não encontrado: Di Giuseppe, Giuseppe
❌ 34380 / Compositor não encontrado: Cui, César
❌ 955338 / Compositor não encontrado: Fried, Joseph Nicholas
❌ 674861 / Compositor não encontrado: Esmen, Nurtan Alan
❌ 1321456 / Compositor não encontrado: Taverner, John
❌ 1435906 / Compositor não encontrado: Van Weerbeke, Gaspar
✅ 851812 / Mater dolorosa / INDIVIDUAL / Categorias: 0 / 
✅ 762212 / Mater illimi generasse partu / INDIVIDUAL / Categorias: 0 / 
❌ 446876 / Compositor não encontrado: Power, Leonel
✅ 1524302 / Mater ora filium / INDIVIDUAL / Categorias: 0 / 
❌ 629392 / Compositor não encontrado: Bax, Arnold
❌ 197747 / Compositor não encontrado: Brumel, Antoine
❌ 557000 / Compositor não encontrado: Burlini, Antonio
✅ 167020 / Material for Early Piano Instruction / INDIVIDUAL / Categorias: 0 / 
✅ 590144 / Materialien für den Elementar-Klavier-Unterricht / INDIVIDUAL / Categorias: 0 / 
✅ 1453101 / Materials for Cello, O.83 / INDIVIDUAL / Categorias: 0 / 
✅ 1482385 / Mateřština, Op.17a / INDIVIDUAL / Categorias: 0 / 
❌ 187401 / Compositor não encontrado: Cohen, Roberto Cesar
❌ 1392339 / Compositor não encontrado: Weltzell, Jorg
✅ 531519 / Mathias von der Schulenburg March / INDIVIDUAL / Categorias: 0 / 
❌ 302246 / Compositor não encontrado: Vanderhoeven, Wannes
❌ 719855 / Compositor não encontrado: Basford, Benjamin
✅ 762099 / Mathilde / INDIVIDUAL / Categorias: 0 / 
❌ 1390884 / Compositor não encontrado: Aerts, Felix
✅ 463176 / Mathilde von Guise, Op.100 / INDIVIDUAL / Categorias: 0 / 
❌ 1038484 / Compositor não encontrado: Daase, Rudolph
❌ 830443 / Compositor não encontrado: Marchal, Máximo
✅ 565203 / Mathis der Maler / INDIVIDUAL / Categorias: 0 / 
✅ 504968 / Mathis der Maler Symphony / INDIVIDUAL / Categorias: 0 / 
❌ 1201581 / Compositor não encontrado: Jones, Louis Weslyn
✅ 616494 / Matilda Lanciers / INDIVIDUAL / Categorias: 0 / 
✅ 339879 / Matilda of Hungary / INDIVIDUAL / Categorias: 0 / 
✅ 764204 / Matilde / INDIVIDUAL / Categorias: 0 / 
✅ 219519 / Matilde di Shabran / INDIVIDUAL / Categorias: 0 / 
✅ 103663 / Matilde, Op.4 / INDIVIDUAL / Categorias: 0 / 
✅ 870975 / Matin / INDIVIDUAL / Categorias: 0 / 
✅ 564741 / Matin Song / INDIVIDUAL / Categorias: 0 / 
❌ 899256 / Compositor não encontrado: Combes, Paul
✅ 870977 / Matin d'avril / INDIVIDUAL / Categorias: 0 / 
✅ 230679 / Matin de Pâques / INDIVIDUAL / Categorias: 0 / 
❌ 1039810 / Compositor não encontrado: Marshall, Henry I.
✅ Matin sue l'eau (Ibert, Jacques) / Matin sue l'eau / INDIVIDUAL / Categorias: 0 / 
✅ 199991 / Matin sur l'eau / INDIVIDUAL / Categorias: 0 / 
❌ 656821 / Compositor não encontrado: Lombardo, Carlo
✅ 106018 / Matinada / INDIVIDUAL / Categorias: 0 / 
❌ 648683 / Compositor não encontrado: Gatti, Walter
✅ 1350987 / Matinale / INDIVIDUAL / Categorias: 0 / 
✅ 850317 / Matinas da Conceição / INDIVIDUAL / Categorias: 0 / 
✅ 1150695 / Matinas da Conceição in B-flat major / INDIVIDUAL / Categorias: 0 / 
✅ 1231446 / Matinas da Conceição, CPM 174 / INDIVIDUAL / Categorias: 0 / 
✅ 650918 / Matinas da Ressureição / INDIVIDUAL / Categorias: 0 / 
✅ 1021402 / Matinas da Ressurreição / INDIVIDUAL / Categorias: 0 / 
❌ 481520 / Compositor não encontrado: Lobo, João de Deus de Castro
✅ 1152166 / Matinas de Nossa Senhora do Carmo, CPM 175 / INDIVIDUAL / Categorias: 0 / 
✅ 999832 / Matinas de Pentecostes / INDIVIDUAL / Categorias: 0 / 
❌ 489730 / Compositor não encontrado: Lobo de Mesquita, Emerico
❌ 470550 / Compositor não encontrado: Queirós, Jerônimo de Sousa
✅ 906722 / Matinas de Santa Cecília / INDIVIDUAL / Categorias: 0 / 
❌ 376385 / Compositor não encontrado: Souza, Jerônimo de
❌ 489241 / Compositor não encontrado: Lobo de Mesquita, Emerico
❌ 1344610 / Compositor não encontrado: Lobo, João de Deus de Castro
✅ 593306 / Matinas do Apóstolo São Pedro, CPM 173 / COLLABORATION / Categorias: 0 / 
✅ 1142996 / Matinas do Espírito Santo / INDIVIDUAL / Categorias: 0 / 
❌ 591401 / Compositor não encontrado: Lobo, João de Deus de Castro
✅ 461189 / Matinas do Natal / INDIVIDUAL / Categorias: 0 / 
❌ 467993 / Compositor não encontrado: Lobo de Mesquita, Emerico
❌ 623319 / Compositor não encontrado: Oliveira, Manoel Dias de
✅ 472536 / Matinas e Encomendação de Defuntos / INDIVIDUAL / Categorias: 0 / 
✅ 975735 / Matinata, Op.10 No.1 / INDIVIDUAL / Categorias: 0 / 
❌ 1114798 / Compositor não encontrado: Łopuska, Helena
✅ 616499 / Matinee Polka / INDIVIDUAL / Categorias: 0 / 
✅ 718163 / Matins / INDIVIDUAL / Categorias: 0 / 
❌ 146300 / Compositor não encontrado: Celega, Nicolò
✅ 961174 / Matinée d'avril / INDIVIDUAL / Categorias: 0 / 
✅ 418868 / Matinée dans la montagne, CG 190 / INDIVIDUAL / Categorias: 0 / 
✅ 538451 / Matinée dans les bois, Op.269 / INDIVIDUAL / Categorias: 0 / 
✅ 1505396 / Matinée de Provence, M.37 / INDIVIDUAL / Categorias: 0 / 
✅ 28417 / Matinée de mai, CG 587a1 / INDIVIDUAL / Categorias: 0 / 
❌ 1257838 / Compositor não encontrado: Cellié, M.
❌ 659397 / Compositor não encontrado: Garnier, Édouard
✅ 619361 / Matinée de printemps / INDIVIDUAL / Categorias: 0 / 
❌ 753204 / Compositor não encontrado: Hitz, Franz
❌ 919738 / Compositor não encontrado: Bernard, Jean
✅ 943790 / Matinée musicale, A 208-217 / COLLECTED_WORKS / Categorias: 0 / 
❌ 606744 / Compositor não encontrado: Mey, Auguste
✅ 1495846 / Matko Najświętsza / INDIVIDUAL / Categorias: 0 / 
✅ 1241190 / Matko, już nie ma cię! / INDIVIDUAL / Categorias: 0 / 
✅ 128994 / Matona mia cara, LV 663 / INDIVIDUAL / Categorias: 0 / 
❌ 1494560 / Compositor não encontrado: Burnell, Paul
✅ 1369391 / Matrimonial Blessings Polka / INDIVIDUAL / Categorias: 0 / 
✅ 977487 / Matrimonial Galop / INDIVIDUAL / Categorias: 0 / 
❌ 187782 / Compositor não encontrado: Tonoli, Giampietro
❌ 389475 / Compositor não encontrado: Giannotti, Alessandro
✅ 851810 / Matrosafest / INDIVIDUAL / Categorias: 0 / 
❌ 1287686 / Compositor não encontrado: Bohm, Carl
✅ 1389387 / Matrosenlied / INDIVIDUAL / Categorias: 0 / 
✅ 1152431 / Matsumoto Hornpipe / INDIVIDUAL / Categorias: 0 / 
✅ 379518 / Matten Has' / INDIVIDUAL / Categorias: 0 / 
❌ 794880 / Compositor não encontrado: Marieh, Marieh
❌ 867133 / Compositor não encontrado: Raselius, Andreas
❌ 237763 / Compositor não encontrado: Gomez, Migel
❌ 904470 / Compositor não encontrado: Various
❌ 662833 / Compositor não encontrado: Vulpius, Melchior
✅ 1042040 / Matthäus-Passion / INDIVIDUAL / Categorias: 0 / 
✅ 1247342 / Matthäus-Passion 1758, TWV 5:43 / INDIVIDUAL / Categorias: 0 / 
✅ 711027 / Matthäus-Passion, H.782 / INDIVIDUAL / Categorias: 0 / 
✅ 647114 / Matthäus-Passion, H.786 / INDIVIDUAL / Categorias: 0 / 
✅ 742615 / Matthäus-Passion, H.790 / INDIVIDUAL / Categorias: 0 / 
✅ 460938 / Matthäus-Passion, H.802 / INDIVIDUAL / Categorias: 0 / 
✅ 175248 / Matthäus-Passion, SWV 479 / INDIVIDUAL / Categorias: 0 / 
✅ 706694 / Matthäus-Passion, TWV 5:15 / INDIVIDUAL / Categorias: 0 / 
✅ 3301 / Matthäuspassion, BWV 244 / INDIVIDUAL / Categorias: 0 / 
✅ 641096 / Matthäuspassion, BWV 244b / INDIVIDUAL / Categorias: 0 / 
❌ 891659 / Compositor não encontrado: Various
✅ 1396247 / Mattie & David / INDIVIDUAL / Categorias: 0 / 
❌ 1268118 / Compositor não encontrado: Frey, E. H.
❌ 1141505 / Compositor não encontrado: Pettee, William
✅ 1068213 / Mattinata / INDIVIDUAL / Categorias: 0 / 
✅ 619459 / Mattinata a Venezia / INDIVIDUAL / Categorias: 0 / 
✅ 406976 / Mattino / INDIVIDUAL / Categorias: 0 / 
✅ 99182 / Mattutini delle Tenebre / INDIVIDUAL / Categorias: 0 / 
✅ 787507 / Mattutino / INDIVIDUAL / Categorias: 0 / 
✅ 1232578 / Matuchno! / INDIVIDUAL / Categorias: 0 / 
❌ 910738 / Compositor não encontrado: Schlagradl, Karl
✅ 713343 / Matus Polka / INDIVIDUAL / Categorias: 0 / 
❌ 808694 / Compositor não encontrado: Chavagnat, Edouard
✅ 994023 / Matuto / INDIVIDUAL / Categorias: 0 / 
✅ 1241998 / Matysek / INDIVIDUAL / Categorias: 0 / 
✅ 1319108 / Mauburn's Carol / INDIVIDUAL / Categorias: 0 / 
✅ 1086409 / Maud / INDIVIDUAL / Categorias: 0 / 
❌ 1516320 / Compositor não encontrado: McNaughton, John Hugh
✅ 1151551 / Maudie Moore / INDIVIDUAL / Categorias: 0 / 
✅ 580928 / Maudit soit cil qui trouva jaulosie / INDIVIDUAL / Categorias: 0 / 
❌ 1034804 / Compositor não encontrado: Sysmoebius, Z Q
✅ 1067818 / Mauldicte soit envie et jaulosye / INDIVIDUAL / Categorias: 0 / 
✅ 1334815 / Mauldite soit la mondaine richesse / INDIVIDUAL / Categorias: 0 / 
❌ 1434536 / Compositor não encontrado: Finlay McAuliffe, Kass
✅ 742711 / Maureen Cosha Dhas / INDIVIDUAL / Categorias: 0 / 
❌ 159781 / Compositor não encontrado: Mozart, Wolfgang Amadeus
✅ 855411 / Mauresque / INDIVIDUAL / Categorias: 0 / 
✅ 1495821 / Mauresques / INDIVIDUAL / Categorias: 0 / 
❌ 1116389 / Compositor não encontrado: Brown, Charlie
✅ 982280 / Mauricinas / COLLECTED_WORKS / Categorias: 0 / 
❌ 211493 / Compositor não encontrado: Sherwood, Edgar
✅ 1032283 / Maurische Rhapsodie / INDIVIDUAL / Categorias: 0 / 
❌ 611922 / Compositor não encontrado: Arnoud, Jules
❌ 187843 / Compositor não encontrado: Tonoli, Giampietro
✅ 1352488 / Mauseschwänzchen / INDIVIDUAL / Categorias: 0 / 
❌ 387802 / Compositor não encontrado: Morine, Charles Harland
✅ 997111 / Maviosa, Op.180 / INDIVIDUAL / Categorias: 0 / 
❌ 1116394 / Compositor não encontrado: De Rose, Peter
❌ 946316 / Compositor não encontrado: Hastings, Frank Seymour
❌ 1361503 / Compositor não encontrado: Hosmer, Grace L.
✅ 1249687 / Mavra, K039 / INDIVIDUAL / Categorias: 0 / 
❌ 196588 / Compositor não encontrado: Hasse, Karl
✅ 286495 / Max Reger / INDIVIDUAL / Categorias: 0 / 
❌ 1503894 / Compositor não encontrado: Burnell, Paul
❌ 299113 / Compositor não encontrado: Kliemt, Uwe
✅ 216772 / Max und Moritz, Op.7 / INDIVIDUAL / Categorias: 0 / 
✅ 205213 / Max-Walzer, J. Anh.81 / INDIVIDUAL / Categorias: 0 / 
✅ 469558 / Maximilian Robespierre, Op.55 / INDIVIDUAL / Categorias: 0 / 
❌ 574422 / Compositor não encontrado: Schürmann, Burkhart M.
❌ 1116399 / Compositor não encontrado: Rea, Edward D.
✅ 405709 / Maxing-Tänze Walzer, Op.79 / INDIVIDUAL / Categorias: 0 / 
✅ 397858 / Maxixe / INDIVIDUAL / Categorias: 0 / 
✅ 1060565 / Maxixe Paulista / INDIVIDUAL / Categorias: 0 / 
❌ 1068565 / Compositor não encontrado: Rocha, Djalma
❌ 1271817 / Compositor não encontrado: Azpeitia, Valentine
✅ 1510022 / May / INDIVIDUAL / Categorias: 0 / 
✅ 743756 / May Belle / INDIVIDUAL / Categorias: 0 / 
✅ 215536 / May Bells, Op.44 / INDIVIDUAL / Categorias: 0 / 
✅ 1184579 / May Breeze Waltz / INDIVIDUAL / Categorias: 0 / 
❌ 953957 / Compositor não encontrado: Booth, Josiah
✅ 1152433 / May Colvin / INDIVIDUAL / Categorias: 0 / 
✅ 769313 / May Day / INDIVIDUAL / Categorias: 0 / 
✅ 856372 / May Day Carol / INDIVIDUAL / Categorias: 0 / 
✅ 541978 / May Day Overture / INDIVIDUAL / Categorias: 0 / 
❌ 893519 / Compositor não encontrado: Elliott, Percy
✅ 465935 / May Dew Quick Step / INDIVIDUAL / Categorias: 0 / 
✅ 1116401 / May Festival March, Op.416 No.2 / INDIVIDUAL / Categorias: 0 / 
✅ 1117800 / May God His Fav'ring Ear / INDIVIDUAL / Categorias: 0 / 
✅ 676077 / May God Protect Columbia / INDIVIDUAL / Categorias: 0 / 
✅ 1183201 / May Heaven Protect Our Child / INDIVIDUAL / Categorias: 0 / 
❌ 1519888 / Compositor não encontrado: Cooper, Valiha Nicéphore
✅ 1361512 / May I? / INDIVIDUAL / Categorias: 0 / 
❌ 1210010 / Compositor não encontrado: Trevathan, Charles E.
❌ 1116429 / Compositor não encontrado: Vanderveer, William J.
✅ 1515929 / May Moore / INDIVIDUAL / Categorias: 0 / 
✅ 741251 / May Morning / INDIVIDUAL / Categorias: 0 / 
✅ 631699 / May Night / INDIVIDUAL / Categorias: 0 / 
❌ 308214 / Compositor não encontrado: Planel, Louis Théophile
✅ 117879 / May Song / INDIVIDUAL / Categorias: 0 / 
✅ 526614 / May Song, Op.33 / INDIVIDUAL / Categorias: 0 / 
❌ 1116435 / Compositor não encontrado: Rose, Vincent
✅ 1390700 / May each Married Lady / INDIVIDUAL / Categorias: 0 / 
✅ 1190890 / May he who heaven and earth obey / INDIVIDUAL / Categorias: 0 / 
✅ 21533 / May in Tuscany, Op.21 / INDIVIDUAL / Categorias: 0 / 
✅ 1152504 / May in the Sun / INDIVIDUAL / Categorias: 0 / 
❌ 576178 / Compositor não encontrado: Rizzo-Weaver, Justin
✅ 748621 / May the Dead Man Rest in Peace / INDIVIDUAL / Categorias: 0 / 
❌ 1517354 / Compositor não encontrado: Toyofuku, Masashi
✅ 579117 / May the World have Peace / INDIVIDUAL / Categorias: 0 / 
✅ 853078 / May the gospel horse bear the righteous fruits quickly / INDIVIDUAL / Categorias: 0 / 
✅ 1367053 / May the words of my mouth / COLLECTED_WORKS / Categorias: 0 / 
✅ 1361505 / May, Op.28 No.1 / INDIVIDUAL / Categorias: 0 / 
❌ 980000 / Compositor não encontrado: Hall, King
✅ 933106 / May-Dreams / INDIVIDUAL / Categorias: 0 / 
❌ 652542 / Compositor não encontrado: Unger, James Marshall
✅ 406629 / May-Time / INDIVIDUAL / Categorias: 0 / 
✅ 235847 / Mayakovsky / INDIVIDUAL / Categorias: 0 / 
❌ 1094401 / Compositor não encontrado: Lewis, Ted
❌ 1116622 / Compositor não encontrado: Cook, Doc
❌ 1133062 / Compositor não encontrado: Jambor, Gergely Laszlo Matyas
❌ 1116634 / Compositor não encontrado: Burtnett, Earl
❌ 1116636 / Compositor não encontrado: Strickland, Charles F.
❌ 1116644 / Compositor não encontrado: Marshall, Henry I.
✅ 1116638 / Maybe Sometime / INDIVIDUAL / Categorias: 0 / 
❌ 1116666 / Compositor não encontrado: Bennett, Murray
✅ 1116672 / Maybe You're Not the Only One Who Loves Me / INDIVIDUAL / Categorias: 0 / 
❌ 1066611 / Compositor não encontrado: Fried, Joseph Nicholas
✅ 1116660 / Maybe that Is Why I'm Lonely / INDIVIDUAL / Categorias: 0 / 
✅ 414295 / Mayeem for Violoncello and Orchestra / INDIVIDUAL / Categorias: 0 / 
✅ 697851 / Mayer Cantata, WAB 60 / INDIVIDUAL / Categorias: 0 / 
❌ 1469676 / Compositor não encontrado: Day, E. R.
✅ 478323 / Maying / INDIVIDUAL / Categorias: 0 / 
✅ 695462 / Maylied / INDIVIDUAL / Categorias: 0 / 
✅ 235878 / Mayn Yingele / INDIVIDUAL / Categorias: 0 / 
✅ 1026142 / Mayon / INDIVIDUAL / Categorias: 0 / 
✅ 202847 / Maypole Dance, Op.45 / INDIVIDUAL / Categorias: 0 / 
❌ 1152512 / Compositor não encontrado: Dahl, Christian Florus Balduin
✅ 224244 / Maytime / INDIVIDUAL / Categorias: 0 / 
✅ 413069 / Maytime Gavotte / INDIVIDUAL / Categorias: 0 / 
✅ 974149 / Mayá / INDIVIDUAL / Categorias: 0 / 
✅ 830376 / Mazal Tov Israel / INDIVIDUAL / Categorias: 0 / 
✅ 585084 / Mazarinade, Op.114 / INDIVIDUAL / Categorias: 0 / 
❌ 908315 / Compositor não encontrado: Foscarina, Mario
✅ 1242330 / Mazepa / INDIVIDUAL / Categorias: 0 / 
❌ 1170556 / Compositor não encontrado: Conrath, Louis
✅ 360809 / Mazeppa / INDIVIDUAL / Categorias: 0 / 
❌ 1082337 / Compositor não encontrado: Lilienthal, Abraham Wolf
❌ 130438 / Compositor não encontrado: Loewe, Carl
✅ 1440003 / Mazeppa, Op.59 / INDIVIDUAL / Categorias: 0 / 
✅ 1370946 / Mazeppa, Op.97 / INDIVIDUAL / Categorias: 0 / 
✅ 43111 / Mazeppa, S.100 / INDIVIDUAL / Categorias: 0 / 
✅ 11087 / Mazeppa, S.138 / INDIVIDUAL / Categorias: 0 / 
✅ 40461 / Mazeppa, TH 7 / COLLECTED_WORKS / Categorias: 0 / 
✅ 53821 / Mazeppa. Grand Galop de Concert, Op.43 / INDIVIDUAL / Categorias: 0 / 
✅ 489651 / Mazet / INDIVIDUAL / Categorias: 0 / 
✅ 1267767 / Mazetta / INDIVIDUAL / Categorias: 0 / 
❌ 1116699 / Compositor não encontrado: Gold, Lou
❌ 1203406 / Compositor não encontrado: Lakeman, J. Edward
❌ 863878 / Compositor não encontrado: Houlihan, Fred F.
✅ 988469 / Mazour No.1, Op.15 / INDIVIDUAL / Categorias: 0 / 
✅ 1487448 / Mazour No.2, Op.20 / INDIVIDUAL / Categorias: 0 / 
✅ 1258141 / Mazour pour violon, Op.46 / INDIVIDUAL / Categorias: 0 / 
❌ 1075530 / Compositor não encontrado: Milde, Louis
❌ 343882 / Compositor não encontrado: Barbedette, Hippolyte
✅ 1079529 / Mazourka / INDIVIDUAL / Categorias: 0 / 
✅ 855544 / Mazourka Gracieuse / INDIVIDUAL / Categorias: 0 / 
✅ 695663 / Mazourka champêtre, Op.4 / INDIVIDUAL / Categorias: 0 / 
❌ 850608 / Compositor não encontrado: Hanicki, Tadeusz
✅ 1446947 / Mazourka de concert, Op.126 / INDIVIDUAL / Categorias: 0 / 
✅ 1228665 / Mazourka de salon / INDIVIDUAL / Categorias: 0 / 
✅ 1015963 / Mazourka di ballet, Op.151 / COLLECTED_WORKS / Categorias: 0 / 
✅ 1484357 / Mazourka du Caïd, Op.64 No.3 / INDIVIDUAL / Categorias: 0 / 
✅ 25978 / Mazourka gracieuse, Op.224 / INDIVIDUAL / Categorias: 0 / 
❌ 1135484 / Compositor não encontrado: Gavrilov, Constantin
❌ 970421 / Compositor não encontrado: Inczyk, Józef
✅ 983205 / Mazourka, Op.31 / INDIVIDUAL / Categorias: 0 / 
✅ 956751 / Mazourka, Op.38 / INDIVIDUAL / Categorias: 0 / 
✅ 933589 / Mazourke, VWV 3012 / INDIVIDUAL / Categorias: 0 / 
✅ 1041070 / Mazovia!, Op.233 / INDIVIDUAL / Categorias: 0 / 
✅ 478970 / Mazur / INDIVIDUAL / Categorias: 0 / 
✅ 1250690 / Mazur No.2 / INDIVIDUAL / Categorias: 0 / 
✅ 1250706 / Mazur No.3 / INDIVIDUAL / Categorias: 0 / 
❌ 733510 / Compositor não encontrado: Modzelewski, Michał
✅ 1021307 / Mazur Polka für die Guitarre / INDIVIDUAL / Categorias: 0 / 
❌ 988492 / Compositor não encontrado: Rutkowski, Napoleon
✅ 1234434 / Mazur Terespolski / INDIVIDUAL / Categorias: 0 / 
✅ 1241170 / Mazur baletowy / INDIVIDUAL / Categorias: 0 / 
✅ 1250604 / Mazur chłopski / INDIVIDUAL / Categorias: 0 / 
✅ 713837 / Mazur in D major / INDIVIDUAL / Categorias: 0 / 
✅ 712318 / Mazur in E-flat minor / INDIVIDUAL / Categorias: 0 / 
❌ 1246996 / Compositor não encontrado: Puchalski, Paweł
✅ 1234229 / Mazur lithuanien / INDIVIDUAL / Categorias: 0 / 
✅ 1262972 / Mazur lubelski / INDIVIDUAL / Categorias: 0 / 
❌ 864585 / Compositor não encontrado: Sonnenfeld, Adolf Gustaw
❌ 1257057 / Compositor não encontrado: Wysocki, Kasper Napoleon
❌ 509985 / Compositor não encontrado: Kéler, Béla
✅ 1234450 / Mazur weselny / INDIVIDUAL / Categorias: 0 / 
✅ 1233046 / Mazur woienny / INDIVIDUAL / Categorias: 0 / 
✅ 1089179 / Mazur z ,,Jasełek'' / INDIVIDUAL / Categorias: 0 / 
✅ 1243825 / Mazur z chórem / INDIVIDUAL / Categorias: 0 / 
✅ 1495141 / Mazur, B.39 / INDIVIDUAL / Categorias: 0 / 
✅ 1250631 / Mazur, IJS 8 / INDIVIDUAL / Categorias: 0 / 
✅ 1250698 / Mazur, IJS 9 / INDIVIDUAL / Categorias: 0 / 
❌ 1236868 / Compositor não encontrado: Lubowski, Józef
❌ 1253327 / Compositor não encontrado: Tymolski, Fabian
❌ 1240394 / Compositor não encontrado: Modzelewski, Michał
✅ 933399 / Mazur, Op.22 No.1 / INDIVIDUAL / Categorias: 0 / 
❌ 1267913 / Compositor não encontrado: Korytyński, Albin
❌ 734190 / Compositor não encontrado: Modzelewski, Michał
❌ 1259858 / Compositor não encontrado: Krogulski, Józef W.
✅ 1234525 / Mazur-Antoniński / INDIVIDUAL / Categorias: 0 / 
✅ 1234416 / Mazur-Zdżarski, Op.17 / INDIVIDUAL / Categorias: 0 / 
❌ 1064081 / Compositor não encontrado: Mendizábal, Manuel
✅ 1163283 / Mazurca Melancólica, Op.2 No.2 / INDIVIDUAL / Categorias: 0 / 
❌ 81605 / Compositor não encontrado: Goberna, Roberto
✅ 1059603 / Mazurca de salón / INDIVIDUAL / Categorias: 0 / 
❌ 944737 / Compositor não encontrado: Zwaag, Wim
✅ 1513007 / Mazurca melancólica / INDIVIDUAL / Categorias: 0 / 
❌ 107222 / Compositor não encontrado: Tragó, José
❌ 1249875 / Compositor não encontrado: Siegrist, Piotr
✅ 1521444 / Mazure in A major / INDIVIDUAL / Categorias: 0 / 
❌ 593189 / Compositor não encontrado: Lipińska, Natalia
✅ 1118299 / Mazurek 'Tęsknota' in F-sharp minor / INDIVIDUAL / Categorias: 0 / 
❌ 637532 / Compositor não encontrado: Anhalt, Pawel
✅ 803265 / Mazurek / INDIVIDUAL / Categorias: 0 / 
✅ 386973 / Mazurek Dąbrowskiego / INDIVIDUAL / Categorias: 0 / 
✅ 1034705 / Mazurek No.1 / INDIVIDUAL / Categorias: 0 / 
✅ 715739 / Mazurek and Anglaise / INDIVIDUAL / Categorias: 0 / 
❌ 445650 / Compositor não encontrado: Meyer, Jean
✅ 1244592 / Mazurek et gallop / COLLECTED_WORKS / Categorias: 0 / 
✅ 821609 / Mazurek for Piano and Strings / INDIVIDUAL / Categorias: 0 / 
❌ 711400 / Compositor não encontrado: Lubomirski, Kazimierz
❌ 1236688 / Compositor não encontrado: Lubomirski, Kazimierz
✅ 633425 / Mazurek in F major / INDIVIDUAL / Categorias: 0 / 
✅ 633428 / Mazurek in G major / INDIVIDUAL / Categorias: 0 / 
❌ 1229196 / Compositor não encontrado: Flach, Gustaw
✅ 1071971 / Mazurek, Op.2 / INDIVIDUAL / Categorias: 0 / 
✅ 24331 / Mazurek, Op.49 / INDIVIDUAL / Categorias: 0 / 
❌ 1256060 / Compositor não encontrado: Wszelaczyński, Władysław
✅ 25593 / Mazurek, Op.50 / INDIVIDUAL / Categorias: 0 / 
✅ 812964 / Mazurek, Op.60 / INDIVIDUAL / Categorias: 0 / 
✅ 25589 / Mazurek, Op.64 / INDIVIDUAL / Categorias: 0 / 
✅ 963380 / Mazureks, Op.24 / INDIVIDUAL / Categorias: 0 / 
✅ 997699 / Mazurk No.1, Op.25 / INDIVIDUAL / Categorias: 0 / 
❌ 838526 / Compositor não encontrado: Dedieu-Péters, Paul
✅ 766156 / Mazurk No.2, Op.13 / INDIVIDUAL / Categorias: 0 / 
❌ 429403 / Compositor não encontrado: David, Adolphe
❌ 341514 / Compositor não encontrado: Nölck, August
❌ 1252188 / Compositor não encontrado: David, Adolphe
✅ 95580 / Mazurk élégante, Op.74 / INDIVIDUAL / Categorias: 0 / 
✅ 38777 / Mazurk' suédoise, Op.58 / INDIVIDUAL / Categorias: 0 / 
✅ 663780 / Mazurk, Op.203 / INDIVIDUAL / Categorias: 0 / 
✅ 583988 / Mazurk-ballet / COLLECTED_WORKS / Categorias: 0 / 
✅ 1436776 / Mazurka Sudiev in D minor / INDIVIDUAL / Categorias: 0 / 
✅ 1240419 / Mazurka 'Mimì' / INDIVIDUAL / Categorias: 0 / 
✅ 1135984 / Mazurka / INDIVIDUAL / Categorias: 0 / 
✅ 690862 / Mazurka Allegra / COLLECTED_WORKS / Categorias: 0 / 
✅ 760489 / Mazurka Apasionada / INDIVIDUAL / Categorias: 0 / 
❌ 651661 / Compositor não encontrado: Strelezki, Anton
❌ 979658 / Compositor não encontrado: Küzdő, Victor
❌ 874103 / Compositor não encontrado: Hartmann, John
✅ 113239 / Mazurka Caprice / INDIVIDUAL / Categorias: 0 / 
❌ 992473 / Compositor não encontrado: Busé, William
✅ 783352 / Mazurka Concerto, Op.224 / INDIVIDUAL / Categorias: 0 / 
✅ 637646 / Mazurka Italienne / INDIVIDUAL / Categorias: 0 / 
✅ 103661 / Mazurka Lírica, Op.3 / INDIVIDUAL / Categorias: 0 / 
✅ 218209 / Mazurka Melodique, Op.16 / INDIVIDUAL / Categorias: 0 / 
❌ 989936 / Compositor não encontrado: Kapry, Jules
✅ Mazurka No. 1 (Balakirev, Mily) / Mazurka No. 1 / INDIVIDUAL / Categorias: 0 / 
✅ 230349 / Mazurka No.1 / INDIVIDUAL / Categorias: 0 / 
❌ 395071 / Compositor não encontrado: Berkahn, Samuel James
✅ 1356949 / Mazurka No.1 in G major / INDIVIDUAL / Categorias: 0 / 
❌ 630254 / Compositor não encontrado: Leszczewski, Wladislaw
✅ 625161 / Mazurka No.1, Op.1 No.2 / INDIVIDUAL / Categorias: 0 / 
✅ 924592 / Mazurka No.1, Op.18 / INDIVIDUAL / Categorias: 0 / 
✅ 758478 / Mazurka No.1, Op.22 / INDIVIDUAL / Categorias: 0 / 
✅ 9941 / Mazurka No.1, Op.25 / INDIVIDUAL / Categorias: 0 / 
✅ 66729 / Mazurka No.1, Op.26 / INDIVIDUAL / Categorias: 0 / 
❌ 790879 / Compositor não encontrado: Cazalis, Gustave
✅ 669072 / Mazurka No.1, Op.3 / INDIVIDUAL / Categorias: 0 / 
✅ 780227 / Mazurka No.1, Op.31 / INDIVIDUAL / Categorias: 0 / 
❌ 415698 / Compositor não encontrado: O'Kelly, Joseph
✅ 27475 / Mazurka No.1, Op.5 / INDIVIDUAL / Categorias: 0 / 
❌ 979710 / Compositor não encontrado: Schantz, Sabrina
✅ 1228081 / Mazurka No.1, Op.6 No.1 / INDIVIDUAL / Categorias: 0 / 
❌ 1034447 / Compositor não encontrado: Kavanagh, Ignatius
❌ 1224349 / Compositor não encontrado: Satie-Barnetche, Eugénie
✅ 25200 / Mazurka No.1, Op.9/1 / INDIVIDUAL / Categorias: 0 / 
✅ 92519 / Mazurka No.10 in E-flat minor, Op.50 / INDIVIDUAL / Categorias: 0 / 
✅ 989067 / Mazurka No.2 'Maschka' / INDIVIDUAL / Categorias: 0 / 
✅ 1350773 / Mazurka No.2 / INDIVIDUAL / Categorias: 0 / 
❌ 410362 / Compositor não encontrado: Berkahn, Samuel James
✅ 1356946 / Mazurka No.2 in B major / INDIVIDUAL / Categorias: 0 / 
✅ 54010 / Mazurka No.2, Op.12 / INDIVIDUAL / Categorias: 0 / 
✅ 942047 / Mazurka No.2, Op.14 / INDIVIDUAL / Categorias: 0 / 
✅ 899429 / Mazurka No.2, Op.20 / INDIVIDUAL / Categorias: 0 / 
✅ 91428 / Mazurka No.2, Op.23 / INDIVIDUAL / Categorias: 0 / 
✅ 780229 / Mazurka No.2, Op.32 / INDIVIDUAL / Categorias: 0 / 
✅ 817391 / Mazurka No.2, Op.39 / INDIVIDUAL / Categorias: 0 / 
❌ 994432 / Compositor não encontrado: Schantz, Sabrina
✅ 9943 / Mazurka No.2, Op.54 / INDIVIDUAL / Categorias: 0 / 
✅ 576684 / Mazurka No.2, Op.6 / INDIVIDUAL / Categorias: 0 / 
✅ 1228080 / Mazurka No.2, Op.6 No.2 / INDIVIDUAL / Categorias: 0 / 
✅ 955658 / Mazurka No.2, Op.7 / INDIVIDUAL / Categorias: 0 / 
✅ 25199 / Mazurka No.2, Op.9/2 / INDIVIDUAL / Categorias: 0 / 
✅ 28205 / Mazurka No.27 / INDIVIDUAL / Categorias: 0 / 
✅ 230366 / Mazurka No.3 / INDIVIDUAL / Categorias: 0 / 
✅ 1356943 / Mazurka No.3 in F-sharp minor / INDIVIDUAL / Categorias: 0 / 
✅ 303807 / Mazurka No.3, Op.11 / INDIVIDUAL / Categorias: 0 / 
✅ 24703 / Mazurka No.3, Op.14 / INDIVIDUAL / Categorias: 0 / 
✅ 28128 / Mazurka No.3, Op.17 / INDIVIDUAL / Categorias: 0 / 
✅ 309319 / Mazurka No.3, Op.24 / INDIVIDUAL / Categorias: 0 / 
✅ 577108 / Mazurka No.3, Op.27 / INDIVIDUAL / Categorias: 0 / 
✅ 869379 / Mazurka No.3, Op.31 / INDIVIDUAL / Categorias: 0 / 
❌ 1143403 / Compositor não encontrado: Schantz, Sabrina
✅ 576686 / Mazurka No.3, Op.7 / INDIVIDUAL / Categorias: 0 / 
✅ 9945 / Mazurka No.3, Op.74 / INDIVIDUAL / Categorias: 0 / 
✅ 29788 / Mazurka No.4 / INDIVIDUAL / Categorias: 0 / 
❌ 787154 / Compositor não encontrado: Coedès-Mongin, André
✅ 25191 / Mazurka No.4, Op.19 / INDIVIDUAL / Categorias: 0 / 
✅ 751095 / Mazurka No.4, Op.20 / INDIVIDUAL / Categorias: 0 / 
✅ 32157 / Mazurka No.5 / INDIVIDUAL / Categorias: 0 / 
✅ 975261 / Mazurka No.5, Op.127 / INDIVIDUAL / Categorias: 0 / 
✅ 25210 / Mazurka No.5, Op.21 / INDIVIDUAL / Categorias: 0 / 
✅ 32159 / Mazurka No.6 / INDIVIDUAL / Categorias: 0 / 
✅ 25211 / Mazurka No.6, Op.24 / INDIVIDUAL / Categorias: 0 / 
✅ 445326 / Mazurka No.6, Op.31 / INDIVIDUAL / Categorias: 0 / 
✅ 137849 / Mazurka No.6, Op.51 / INDIVIDUAL / Categorias: 0 / 
✅ 412173 / Mazurka No.6, Op.62 / INDIVIDUAL / Categorias: 0 / 
✅ 25542 / Mazurka No.6, Op.70 / INDIVIDUAL / Categorias: 0 / 
✅ 32161 / Mazurka No.7 / INDIVIDUAL / Categorias: 0 / 
✅ 25215 / Mazurka No.7, Op.31 / INDIVIDUAL / Categorias: 0 / 
✅ 651509 / Mazurka No.7, Op.63 / INDIVIDUAL / Categorias: 0 / 
✅ 25217 / Mazurka No.8, Op.36 / INDIVIDUAL / Categorias: 0 / 
❌ 592753 / Compositor não encontrado: Arundale, Claude
❌ 1156281 / Compositor não encontrado: Shand, Ernest
✅ 332711 / Mazurka Russe, Op.33 / INDIVIDUAL / Categorias: 0 / 
❌ 1074675 / Compositor não encontrado: Cruz, Antonio de la
✅ 122386 / Mazurka Sentimental / INDIVIDUAL / Categorias: 0 / 
✅ 1322689 / Mazurka Sentimentale, Op.6 / INDIVIDUAL / Categorias: 0 / 
✅ 116774 / Mazurka Serioso / INDIVIDUAL / Categorias: 0 / 
❌ 1020583 / Compositor não encontrado: Draa, Charles Clifton
✅ 645818 / Mazurka a la Rondo / INDIVIDUAL / Categorias: 0 / 
❌ 1432535 / Compositor não encontrado: Elorduy, Ernesto Medina
❌ 1036473 / Compositor não encontrado: Kircheis, O. A.
✅ 1437262 / Mazurka bohemienne / INDIVIDUAL / Categorias: 0 / 
❌ 29279 / Compositor não encontrado: Bądarzewska-Baranowska, Tekla
❌ 908288 / Compositor não encontrado: Foscarina, Mario
✅ 1229547 / Mazurka brillante / INDIVIDUAL / Categorias: 0 / 
❌ 903031 / Compositor não encontrado: Beer, B.
❌ 903039 / Compositor não encontrado: Beer, B.
✅ 1042778 / Mazurka brillante sur des motifs de 'L'Africaine' / INDIVIDUAL / Categorias: 0 / 
❌ 624228 / Compositor não encontrado: Gaide, Paul
✅ 42770 / Mazurka brillante, Op.19 / INDIVIDUAL / Categorias: 0 / 
✅ 15576 / Mazurka brillante, S.221 / INDIVIDUAL / Categorias: 0 / 
✅ 679108 / Mazurka brilliante / INDIVIDUAL / Categorias: 0 / 
❌ 1221794 / Compositor não encontrado: Rothemund, Christian
✅ 1071113 / Mazurka caractéristique, Op.5 / INDIVIDUAL / Categorias: 0 / 
❌ 907150 / Compositor não encontrado: Chevalet, Albert
✅ 206199 / Mazurka caractéristique, Op.93 / INDIVIDUAL / Categorias: 0 / 
✅ 761409 / Mazurka chantée / INDIVIDUAL / Categorias: 0 / 
✅ 1266906 / Mazurka d'après un thème populaire / INDIVIDUAL / Categorias: 0 / 
✅ 678709 / Mazurka d'artistes, Op.18 / INDIVIDUAL / Categorias: 0 / 
✅ 792337 / Mazurka de Concert / INDIVIDUAL / Categorias: 0 / 
❌ 1382070 / Compositor não encontrado: Franko, Sam
❌ 976443 / Compositor não encontrado: Egghard, Jules
✅ 88524 / Mazurka de Salon, Op.16 / INDIVIDUAL / Categorias: 0 / 
❌ 1333899 / Compositor não encontrado: Bufaletti, Federico
✅ 40529 / Mazurka de concert / INDIVIDUAL / Categorias: 0 / 
✅ 109090 / Mazurka de concert No.1, Op.8 / INDIVIDUAL / Categorias: 0 / 
✅ 109092 / Mazurka de concert No.2, Op.15 / INDIVIDUAL / Categorias: 0 / 
✅ 775115 / Mazurka de concert No.3 / INDIVIDUAL / Categorias: 0 / 
✅ 509682 / Mazurka de concert, Op.1 / INDIVIDUAL / Categorias: 0 / 
✅ 488703 / Mazurka de concert, Op.30 / INDIVIDUAL / Categorias: 0 / 
✅ 1070699 / Mazurka de concert, Op.50 / INDIVIDUAL / Categorias: 0 / 
❌ 156738 / Compositor não encontrado: Grodzky, Boleslav
❌ 765878 / Compositor não encontrado: Choudens, Antony
❌ 751849 / Compositor não encontrado: Mattiozzi, Rodolfo
❌ 673773 / Compositor não encontrado: Vilbac, Renaud de
✅ 680560 / Mazurka de salon No.1 / INDIVIDUAL / Categorias: 0 / 
❌ 924813 / Compositor não encontrado: Chaudoir, Arthur
❌ 419891 / Compositor não encontrado: Gregh, Louis
✅ 140470 / Mazurka de salon No.4, Op.26 / INDIVIDUAL / Categorias: 0 / 
✅ 414851 / Mazurka de salon No.5, Op.35 / INDIVIDUAL / Categorias: 0 / 
✅ 471083 / Mazurka de salon for harmonium, Op.35 / INDIVIDUAL / Categorias: 0 / 
❌ 975054 / Compositor não encontrado: Roguski, Gustaw
✅ 691210 / Mazurka de salon, Op.2 / INDIVIDUAL / Categorias: 0 / 
❌ 418486 / Compositor não encontrado: Thurner, Théodore
❌ 1077968 / Compositor não encontrado: Pintado, Carlos
✅ 79843 / Mazurka des Ulans, Op.25 / INDIVIDUAL / Categorias: 0 / 
✅ 517846 / Mazurka des fiançailles / INDIVIDUAL / Categorias: 0 / 
✅ 908769 / Mazurka des roses, Op.9 / INDIVIDUAL / Categorias: 0 / 
✅ 55393 / Mazurka des traîneaux / INDIVIDUAL / Categorias: 0 / 
❌ 657987 / Compositor não encontrado: Dessaux, Louis Edme
✅ 1369940 / Mazurka di Concerto / INDIVIDUAL / Categorias: 0 / 
✅ 42901 / Mazurka di Concerto, Op.4 / INDIVIDUAL / Categorias: 0 / 
❌ 736588 / Compositor não encontrado: Oñate, Miguel
✅ 18370 / Mazurka et Valse, Op.9 / INDIVIDUAL / Categorias: 0 / 
❌ 1255161 / Compositor não encontrado: Wielogłowski, Walery
✅ 1066072 / Mazurka excentrique / INDIVIDUAL / Categorias: 0 / 
❌ 982028 / Compositor não encontrado: Besozzi, Louis-Désiré
❌ 415261 / Compositor não encontrado: Ghys, Henri
❌ 612377 / Compositor não encontrado: Schmidt, Oscar
✅ 987716 / Mazurka favorite, Op.43 / INDIVIDUAL / Categorias: 0 / 
✅ 25591 / Mazurka for Cello, Op.53 / INDIVIDUAL / Categorias: 0 / 
✅ 1434676 / Mazurka for Guitar / INDIVIDUAL / Categorias: 0 / 
✅ 1381719 / Mazurka for Piano / INDIVIDUAL / Categorias: 0 / 
❌ 636605 / Compositor não encontrado: Kämmerer, Carl
✅ 998929 / Mazurka for piano / INDIVIDUAL / Categorias: 0 / 
✅ 734177 / Mazurka from 'Le Diable à quatre' / INDIVIDUAL / Categorias: 0 / 
❌ 824848 / Compositor não encontrado: Schuëcker, Edmund
✅ 936436 / Mazurka glissando / INDIVIDUAL / Categorias: 0 / 
✅ 577597 / Mazurka gracieuse, Op.167 / INDIVIDUAL / Categorias: 0 / 
✅ 599950 / Mazurka hongroise, Op.161 / INDIVIDUAL / Categorias: 0 / 
❌ 415018 / Compositor não encontrado: Boscovitz, Frédéric
❌ 1236214 / Compositor não encontrado: Łodwigowski, Edward Stefan
❌ 1427408 / Compositor não encontrado: Loder, Kate
✅ 1244648 / Mazurka in A minor / INDIVIDUAL / Categorias: 0 / 
✅ 152738 / Mazurka in A minor, B.134 / COLLECTED_WORKS / Categorias: 0 / 
✅ 152797 / Mazurka in A minor, B.140 / COLLECTED_WORKS / Categorias: 0 / 
✅ 1117468 / Mazurka in A-flat major / COLLECTED_WORKS / Categorias: 0 / 
✅ 199598 / Mazurka in A-flat major, B.85 / INDIVIDUAL / Categorias: 0 / 
✅ 1250781 / Mazurka in A-flat major, Op.19 / INDIVIDUAL / Categorias: 0 / 
✅ 176482 / Mazurka in B minor / INDIVIDUAL / Categorias: 0 / 
✅ 162187 / Mazurka in B-flat major 'Wołowska', B.73 / INDIVIDUAL / Categorias: 0 / 
✅ 1228374 / Mazurka in B-flat major / INDIVIDUAL / Categorias: 0 / 
❌ 1290134 / Compositor não encontrado: Cimadevilla, Francisco
✅ 1262976 / Mazurka in C major / INDIVIDUAL / Categorias: 0 / 
✅ 24484 / Mazurka in C major, B.82 / INDIVIDUAL / Categorias: 0 / 
✅ 1244517 / Mazurka in C major, IJN 39 / INDIVIDUAL / Categorias: 0 / 
✅ 1244641 / Mazurka in C major, IJN 40 / INDIVIDUAL / Categorias: 0 / 
✅ 784408 / Mazurka in C minor / COLLECTED_WORKS / Categorias: 0 / 
❌ 939392 / Compositor não encontrado: Yang, Ethan
❌ 202873 / Compositor não encontrado: Chabeaux, Paul
✅ 1268496 / Mazurka in D major / INDIVIDUAL / Categorias: 0 / 
✅ 113597 / Mazurka in D major, B.31 / INDIVIDUAL / Categorias: 0 / 
✅ 1443455 / Mazurka in D major, B.4 / INDIVIDUAL / Categorias: 0 / 
✅ 199585 / Mazurka in D major, B.71 / INDIVIDUAL / Categorias: 0 / 
✅ 1024512 / Mazurka in D minor / INDIVIDUAL / Categorias: 0 / 
✅ 1034974 / Mazurka in D-flat major / INDIVIDUAL / Categorias: 0 / 
✅ 831547 / Mazurka in E-flat major / INDIVIDUAL / Categorias: 0 / 
✅ 1117471 / Mazurka in F major (1835) / COLLECTED_WORKS / Categorias: 0 / 
✅ 1117469 / Mazurka in F major / COLLECTED_WORKS / Categorias: 0 / 
❌ 314495 / Compositor não encontrado: Dahl, Emma
✅ 628686 / Mazurka in F minor / INDIVIDUAL / Categorias: 0 / 
✅ 198849 / Mazurka in F-sharp major / INDIVIDUAL / Categorias: 0 / 
✅ 1117467 / Mazurka in G major (1828) / COLLECTED_WORKS / Categorias: 0 / 
✅ 1117477 / Mazurka in G major / COLLECTED_WORKS / Categorias: 0 / 
✅ 1245061 / Mazurka in G major for 2 Guitars / INDIVIDUAL / Categorias: 0 / 
✅ 733461 / Mazurka in G minor / INDIVIDUAL / Categorias: 0 / 
✅ 1213133 / Mazurka in G minor, Op.28 / INDIVIDUAL / Categorias: 0 / 
❌ 836574 / Compositor não encontrado: Bazin, Joseph
❌ 753472 / Compositor não encontrado: Dolmetsch, Victor
❌ 1103984 / Compositor não encontrado: Redler, Gervasius
❌ 457159 / Compositor não encontrado: Teilman, Christian
❌ 972842 / Compositor não encontrado: Waldteufel, Louis
❌ 724463 / Compositor não encontrado: Gardana, Enea
✅ 1253220 / Mazurka of Liszt / COLLECTED_WORKS / Categorias: 0 / 
✅ 46457 / Mazurka on Polish Themes / COLLECTED_WORKS / Categorias: 0 / 
❌ 429772 / Compositor não encontrado: Decq, Adhemar
✅ 314909 / Mazurka para dos guitarras / INDIVIDUAL / Categorias: 0 / 
✅ 1282791 / Mazurka per pianoforte, Op.46 / INDIVIDUAL / Categorias: 0 / 
✅ 1252492 / Mazurka pour piano composeé par un amateur de St Pétersbourg / INDIVIDUAL / Categorias: 0 / 
✅ 932810 / Mazurka printanière, Op.159 / INDIVIDUAL / Categorias: 0 / 
✅ 47388 / Mazurka rustique, Op.81 / INDIVIDUAL / Categorias: 0 / 
✅ 671342 / Mazurka sentimentale / INDIVIDUAL / Categorias: 0 / 
❌ 1386230 / Compositor não encontrado: Bernard, Jean
❌ 827019 / Compositor não encontrado: Dauphin, Léopold
❌ 662321 / Compositor não encontrado: Lambert, Sidney
✅ 764425 / Mazurka und Tarantella für Harfe / INDIVIDUAL / Categorias: 0 / 
✅ 904965 / Mazurka élégante, Op.175 / INDIVIDUAL / Categorias: 0 / 
✅ 709593 / Mazurka, 1.1.2 MO.4 / INDIVIDUAL / Categorias: 0 / 
✅ 1425933 / Mazurka, FP 145 / INDIVIDUAL / Categorias: 0 / 
✅ 1421201 / Mazurka, H.284 / INDIVIDUAL / Categorias: 0 / 
❌ 1252029 / Compositor não encontrado: Świeszewski, Aleksander
❌ 1252031 / Compositor não encontrado: Świeszewski, Aleksander
❌ 958116 / Compositor não encontrado: Alais, Juan
❌ 571328 / Compositor não encontrado: Suchsland, Leopold
✅ 216416 / Mazurka, Op.1 / INDIVIDUAL / Categorias: 0 / 
❌ 867677 / Compositor não encontrado: Henisz, Kazimierz
❌ 575284 / Compositor não encontrado: Löwenthal, Dagobert
✅ 959304 / Mazurka, Op.10 / INDIVIDUAL / Categorias: 0 / 
✅ 580871 / Mazurka, Op.11 / INDIVIDUAL / Categorias: 0 / 
✅ 445323 / Mazurka, Op.12 / INDIVIDUAL / Categorias: 0 / 
✅ 1460892 / Mazurka, Op.126 No.2 / INDIVIDUAL / Categorias: 0 / 
✅ 71704 / Mazurka, Op.13 / INDIVIDUAL / Categorias: 0 / 
✅ 1247308 / Mazurka, Op.131 / INDIVIDUAL / Categorias: 0 / 
✅ 673168 / Mazurka, Op.132 / INDIVIDUAL / Categorias: 0 / 
✅ 987183 / Mazurka, Op.145 / INDIVIDUAL / Categorias: 0 / 
❌ 980186 / Compositor não encontrado: Berendt, Nicolai
✅ 16985 / Mazurka, Op.158 / INDIVIDUAL / Categorias: 0 / 
✅ 576706 / Mazurka, Op.16 / INDIVIDUAL / Categorias: 0 / 
✅ 576708 / Mazurka, Op.17 / INDIVIDUAL / Categorias: 0 / 
✅ 206876 / Mazurka, Op.18 / INDIVIDUAL / Categorias: 0 / 
✅ 933190 / Mazurka, Op.180 / INDIVIDUAL / Categorias: 0 / 
❌ 111317 / Compositor não encontrado: Chandelier, Albert
✅ 576713 / Mazurka, Op.19 / INDIVIDUAL / Categorias: 0 / 
✅ 25639 / Mazurka, Op.2 / INDIVIDUAL / Categorias: 0 / 
✅ 544022 / Mazurka, Op.2 No.3 / INDIVIDUAL / Categorias: 0 / 
❌ 851083 / Compositor não encontrado: Weinberger, Karl
✅ 983200 / Mazurka, Op.24 / INDIVIDUAL / Categorias: 0 / 
❌ 431340 / Compositor não encontrado: Bonis, Mel
✅ 574060 / Mazurka, Op.26 / INDIVIDUAL / Categorias: 0 / 
❌ 240751 / Compositor não encontrado: Holý, Alfred
✅ 855315 / Mazurka, Op.29 / INDIVIDUAL / Categorias: 0 / 
✅ 711607 / Mazurka, Op.3 / INDIVIDUAL / Categorias: 0 / 
✅ 211644 / Mazurka, Op.31 / INDIVIDUAL / Categorias: 0 / 
✅ 576764 / Mazurka, Op.31 No.1 / INDIVIDUAL / Categorias: 0 / 
❌ 1028070 / Compositor não encontrado: Wolbrom-Borkowic, Maryla
✅ 15899 / Mazurka, Op.32 / INDIVIDUAL / Categorias: 0 / 
✅ 70853 / Mazurka, Op.33 / INDIVIDUAL / Categorias: 0 / 
✅ 144002 / Mazurka, Op.35 / INDIVIDUAL / Categorias: 0 / 
❌ 1153679 / Compositor não encontrado: Shand, Ernest
✅ 16341 / Mazurka, Op.38 / INDIVIDUAL / Categorias: 0 / 
✅ 711595 / Mazurka, Op.4 / INDIVIDUAL / Categorias: 0 / 
✅ 1440011 / Mazurka, Op.40 / INDIVIDUAL / Categorias: 0 / 
✅ 564038 / Mazurka, Op.42 / INDIVIDUAL / Categorias: 0 / 
❌ 131337 / Compositor não encontrado: Nemerovsky, Aleksandr
❌ 110804 / Compositor não encontrado: Cavallo, Peter
❌ 1144481 / Compositor não encontrado: Hrodebert, Peter
❌ 233798 / Compositor não encontrado: Karpov, Mikhail
✅ 638403 / Mazurka, Op.51 / INDIVIDUAL / Categorias: 0 / 
✅ 70787 / Mazurka, Op.6 / INDIVIDUAL / Categorias: 0 / 
✅ 991272 / Mazurka, Op.65 / INDIVIDUAL / Categorias: 0 / 
❌ 906792 / Compositor não encontrado: Boumard, Jean
❌ 354038 / Compositor não encontrado: Stetson Jr., Nahum
✅ 46936 / Mazurka, Op.8 / INDIVIDUAL / Categorias: 0 / 
✅ 982061 / Mazurka, Op.8 No.2 / INDIVIDUAL / Categorias: 0 / 
✅ 576869 / Mazurka, Op.82 / INDIVIDUAL / Categorias: 0 / 
✅ 147945 / Mazurka, Op.9 / INDIVIDUAL / Categorias: 0 / 
❌ 1353272 / Compositor não encontrado: Hellemans, Thomas
❌ 1353274 / Compositor não encontrado: Hellemans, Thomas
❌ 1353275 / Compositor não encontrado: Hellemans, Thomas
✅ 1521508 / Mazurka, Op.95 / INDIVIDUAL / Categorias: 0 / 
❌ 822924 / Compositor não encontrado: Snoer, Johannes
✅ 758708 / Mazurka, Op.98b / INDIVIDUAL / Categorias: 0 / 
✅ 1475091 / Mazurka, VL 200 / INDIVIDUAL / Categorias: 0 / 
✅ 1503196 / Mazurka, VL 234 / INDIVIDUAL / Categorias: 0 / 
❌ 468457 / Compositor não encontrado: Magnani, Aurelio
✅ 479644 / Mazurka-Caprice No.2, Op.17 / INDIVIDUAL / Categorias: 0 / 
✅ 209221 / Mazurka-Caprice in G major / INDIVIDUAL / Categorias: 0 / 
❌ 588792 / Compositor não encontrado: Bölke, W.
✅ 230954 / Mazurka-Caprice, Op.14 / INDIVIDUAL / Categorias: 0 / 
✅ 457085 / Mazurka-Caprice, Op.15 / INDIVIDUAL / Categorias: 0 / 
❌ 932412 / Compositor não encontrado: Hunrath, August
✅ 1359073 / Mazurka-Fantaisie / INDIVIDUAL / Categorias: 0 / 
✅ 211234 / Mazurka-Fantaisie, Op.13 / INDIVIDUAL / Categorias: 0 / 
✅ 670125 / Mazurka-Fantaisie, Op.14 / INDIVIDUAL / Categorias: 0 / 
✅ 637962 / Mazurka-Fantasia No.2, Op.273 / INDIVIDUAL / Categorias: 0 / 
✅ 39061 / Mazurka-Fantasia, Op.4 / INDIVIDUAL / Categorias: 0 / 
✅ 928924 / Mazurka-Fantasie, Op.32 / COLLECTED_WORKS / Categorias: 0 / 
✅ 604833 / Mazurka-Nocturne, H.325 / INDIVIDUAL / Categorias: 0 / 
✅ 658907 / Mazurka-Serenata, Op.188 / INDIVIDUAL / Categorias: 0 / 
❌ 855428 / Compositor não encontrado: Binet, Frédéric
✅ 218507 / Mazurka-caprice, Op.17 / INDIVIDUAL / Categorias: 0 / 
✅ 140767 / Mazurka-caprice, Op.83 / INDIVIDUAL / Categorias: 0 / 
❌ 254396 / Compositor não encontrado: Egghard, Jules
✅ 1429280 / Mazurka-oberek / INDIVIDUAL / Categorias: 0 / 
✅ 983182 / Mazurka-rêverie, Op.188 / INDIVIDUAL / Categorias: 0 / 
❌ 1190625 / Compositor não encontrado: Vilbac, Renaud de
❌ 1020241 / Compositor não encontrado: Arnau, Luis
✅ 1339078 / Mazurkas / COLLECTED_WORKS / Categorias: 0 / 
✅ 1521456 / Mazurkas Nationales / INDIVIDUAL / Categorias: 0 / 
✅ 1521449 / Mazurkas Originales / INDIVIDUAL / Categorias: 0 / 
✅ 1115914 / Mazurkas favorites / COLLECTIONS_WITH / Categorias: 0 / 
✅ Mazurkas, Complete Joseffy Edition (Chopin, Frédéric) / Mazurkas, Complete Joseffy Edition / COLLECTED_WORKS / Categorias: 0 / 
✅ 910604 / Mazurkas, IFC 128 / COLLECTED_WORKS / Categorias: 0 / 
✅ 1339077 / Mazurkas, IFC 129 / INDIVIDUAL / Categorias: 0 / 
✅ 2281 / Mazurkas, Op.17 / COLLECTED_WORKS / Categorias: 0 / 
✅ 2282 / Mazurkas, Op.24 / COLLECTED_WORKS / Categorias: 0 / 
❌ 432384 / Compositor não encontrado: Kontski, Karol de
✅ 2283 / Mazurkas, Op.30 / COLLECTED_WORKS / Categorias: 0 / 
✅ 2284 / Mazurkas, Op.33 / COLLECTED_WORKS / Categorias: 0 / 
✅ 1521495 / Mazurkas, Op.4 / INDIVIDUAL / Categorias: 0 / 
✅ 2285 / Mazurkas, Op.41 / COLLECTED_WORKS / Categorias: 0 / 
✅ 2277 / Mazurkas, Op.50 / COLLECTED_WORKS / Categorias: 0 / 
✅ 2278 / Mazurkas, Op.56 / COLLECTED_WORKS / Categorias: 0 / 
✅ 2279 / Mazurkas, Op.59 / COLLECTED_WORKS / Categorias: 0 / 
✅ 2286 / Mazurkas, Op.6 / COLLECTED_WORKS / Categorias: 0 / 
✅ 58524 / Mazurkas, Op.62 / INDIVIDUAL / Categorias: 0 / 
✅ 2280 / Mazurkas, Op.63 / COLLECTED_WORKS / Categorias: 0 / 
✅ 2287 / Mazurkas, Op.67 / COLLECTED_WORKS / Categorias: 0 / 
✅ 2288 / Mazurkas, Op.68 / COLLECTED_WORKS / Categorias: 0 / 
✅ 2289 / Mazurkas, Op.7 / COLLECTED_WORKS / Categorias: 0 / 
❌ 1212106 / Compositor não encontrado: Godowsky, Mischa
❌ 613202 / Compositor não encontrado: Wachs, Paul
✅ 844658 / Mazurke styrienne, Op.201 / INDIVIDUAL / Categorias: 0 / 
✅ 100546 / Mazurke éolienne, Op.149 / INDIVIDUAL / Categorias: 0 / 
❌ 1391702 / Compositor não encontrado: Benoit, Louis
✅ 1255965 / Mazury, Op.128 / INDIVIDUAL / Categorias: 0 / 
✅ 1110996 / Mazury, Op.38 / INDIVIDUAL / Categorias: 0 / 
❌ 1526144 / Compositor não encontrado: Graziani-Walter, Carlo
❌ 1184377 / Compositor não encontrado: Dameron, Emile
❌ 693973 / Compositor não encontrado: Milleville, Francesco
❌ 607580 / Compositor não encontrado: Kéler, Béla
✅ 996789 / Maçãzinha / INDIVIDUAL / Categorias: 0 / 
✅ 201959 / Maître Ambros / INDIVIDUAL / Categorias: 0 / 
❌ 1183562 / Compositor não encontrado: Dufresne, Alfred
✅ 146613 / Maître Claude / INDIVIDUAL / Categorias: 0 / 
✅ 1352700 / Maître Corbeau / INDIVIDUAL / Categorias: 0 / 
✅ 503480 / Maître Grelot / INDIVIDUAL / Categorias: 0 / 
✅ 926194 / Maître Luc / INDIVIDUAL / Categorias: 0 / 
✅ 924883 / Maître Martin / INDIVIDUAL / Categorias: 0 / 
✅ 143370 / Maître Pathelin / INDIVIDUAL / Categorias: 0 / 
✅ 220188 / Maître Péronilla / INDIVIDUAL / Categorias: 0 / 
✅ 406625 / Maître Wolfram / INDIVIDUAL / Categorias: 0 / 
✅ 1247315 / Maître de l'univers / INDIVIDUAL / Categorias: 0 / 
✅ 486962 / Maîtres contemporains de l'orgue / COLLECTED_WORKS / Categorias: 0 / 
❌ 153873 / Compositor não encontrado: Béon, Alexandre
❌ 1115361 / Compositor não encontrado: Ferrata, Nicolo
✅ 1182259 / Mañana Neblinoso / INDIVIDUAL / Categorias: 0 / 
✅ 41598 / Mała fantazja podhalańska / INDIVIDUAL / Categorias: 0 / 
✅ 1265411 / Mała rączka, Op.138 / INDIVIDUAL / Categorias: 0 / 
✅ 860970 / Małe nocturno / INDIVIDUAL / Categorias: 0 / 
❌ 296943 / Compositor não encontrado: Zaremba, Władisław
✅ 1323325 / Mbira Music / INDIVIDUAL / Categorias: 0 / 
❌ 530314 / Compositor não encontrado: Di Chiara, Vincenzo
✅ 1493341 / McCarthy the Pride of the Force / INDIVIDUAL / Categorias: 0 / 
❌ 1210997 / Compositor não encontrado: Powers, Thomas E.
❌ 1194324 / Compositor não encontrado: Hambaugh, James S.
✅ 1152531 / McDermott's Hornpipe / INDIVIDUAL / Categorias: 0 / 
✅ 1152534 / McElligott's Fancy / INDIVIDUAL / Categorias: 0 / 
✅ 1152536 / McFaddens Favorite Hornpipe / INDIVIDUAL / Categorias: 0 / 
❌ 1116702 / Compositor não encontrado: Thorne, George
✅ 768166 / McGregor of Ruara's Lament, Hob.XXXIa:81 / INDIVIDUAL / Categorias: 0 / 
✅ 1152529 / McGregor's Reel / INDIVIDUAL / Categorias: 0 / 
✅ 8670 / McLibel / INDIVIDUAL / Categorias: 0 / 
❌ 202426 / Compositor não encontrado: Bacsi, Thomas
❌ 589437 / Compositor não encontrado: Haighway, Richard J
✅ 496961 / McNally's Row of Flats / COLLECTED_WORKS / Categorias: 0 / 
❌ 1130210 / Compositor não encontrado: Omid, Aryan
❌ 1137270 / Compositor não encontrado: Omid, Aryan
❌ 1137793 / Compositor não encontrado: Omid, Aryan
❌ 1138179 / Compositor não encontrado: Omid, Aryan
❌ 1139109 / Compositor não encontrado: Omid, Aryan
❌ 1139737 / Compositor não encontrado: Omid, Aryan
❌ 1140515 / Compositor não encontrado: Omid, Aryan
❌ 1130866 / Compositor não encontrado: Omid, Aryan
❌ 1131951 / Compositor não encontrado: Omid, Aryan
❌ 1132546 / Compositor não encontrado: Omid, Aryan
❌ 1133430 / Compositor não encontrado: Omid, Aryan
❌ 1134297 / Compositor não encontrado: Omid, Aryan
❌ 1135430 / Compositor não encontrado: Omid, Aryan
❌ 1135897 / Compositor não encontrado: Omid, Aryan
❌ 1136436 / Compositor não encontrado: Omid, Aryan
✅ 909991 / Me Amas?, Op.111 / INDIVIDUAL / Categorias: 0 / 
❌ 1500337 / Compositor não encontrado: Jolson, Al
❌ 394029 / Compositor não encontrado: Simonetto, Alessandro
✅ 1193804 / Me Melican Man / INDIVIDUAL / Categorias: 0 / 
✅ 1164995 / Me Standard, You Poor / INDIVIDUAL / Categorias: 0 / 
❌ 489230 / Compositor não encontrado: Mourey, Colette
❌ 1116705 / Compositor não encontrado: Vaughan, James D.
❌ 1420333 / Compositor não encontrado: Blanter, Matvey
✅ 1074655 / Me and Me Banjo / INDIVIDUAL / Categorias: 0 / 
❌ 1116707 / Compositor não encontrado: Monaco, James Vincent
✅ 419179 / Me connaître et vous connaître, Op.9 / INDIVIDUAL / Categorias: 0 / 
❌ 1290339 / Compositor não encontrado: Cimadevilla, Francisco
❌ 517231 / Compositor não encontrado: Meglio, Vincenzo de
❌ 975576 / Compositor não encontrado: Argollo, Livino José de
❌ 553874 / Compositor não encontrado: Liviera Zugiani, Gabriele
❌ 1105496 / Compositor não encontrado: Neuman, Edoardo
❌ 848848 / Compositor não encontrado: Torre, Salvador
✅ 147550 / Me irrita el mundo, Op.13 / INDIVIDUAL / Categorias: 0 / 
✅ 512600 / Me laulamme, Op.27b No.1 / INDIVIDUAL / Categorias: 0 / 
❌ 1314825 / Compositor não encontrado: Corsi da Celano, Giuseppe
❌ 1314839 / Compositor não encontrado: Corsi da Celano, Giuseppe
✅ 799590 / Me miserum miseriarum, TWV 1:1135 / INDIVIDUAL / Categorias: 0 / 
❌ 1195335 / Compositor não encontrado: Pérez, Sergio Aarón
❌ 562803 / Compositor não encontrado: Literes, Antonio
❌ 1087880 / Compositor não encontrado: Caninha
✅ 579495 / Me veux tu voir mourir / INDIVIDUAL / Categorias: 0 / 
❌ 583965 / Compositor não encontrado: Contino, Gennaro
❌ 754803 / Compositor não encontrado: Peuchot, Léon
✅ 706787 / Me vuo' o nun me vuo'? / INDIVIDUAL / Categorias: 0 / 
✅ 107530 / Me vuò bene sì, o nò? / INDIVIDUAL / Categorias: 0 / 
❌ 1116709 / Compositor não encontrado: Kaufman, Mel B.
✅ 407607 / Me-na-ka / INDIVIDUAL / Categorias: 0 / 
✅ 1422812 / Meadow Echoes, Op.26 / INDIVIDUAL / Categorias: 0 / 
❌ 500805 / Compositor não encontrado: Avery, H.
✅ 1093247 / Meadow Lark / INDIVIDUAL / Categorias: 0 / 
❌ 1116712 / Compositor não encontrado: Kraus, Arthur M.
❌ 1116717 / Compositor não encontrado: Smythe, Billy
✅ 354683 / Mean Old Moon / INDIVIDUAL / Categorias: 0 / 
❌ 1405588 / Compositor não encontrado: Hély, Marc
✅ 1084039 / Meander 1 / INDIVIDUAL / Categorias: 0 / 
✅ 1084042 / Meander 2 / INDIVIDUAL / Categorias: 0 / 
❌ 995522 / Compositor não encontrado: Bates, C.M.
✅ 1427655 / Meant To Be / INDIVIDUAL / Categorias: 0 / 
❌ 1450108 / Compositor não encontrado: Simpson, Cameron Lee
✅ 352494 / Mecca / INDIVIDUAL / Categorias: 0 / 
✅ 627797 / Meccanico for Piano / INDIVIDUAL / Categorias: 0 / 
✅ 840915 / Mechanik und Aesthetik des Violoncellospiels / COLLABORATION / Categorias: 0 / 
❌ 1029388 / Compositor não encontrado: Sysmoebius, Z Q
❌ 1479510 / Compositor não encontrado: Friis, Mogens
✅ 1157285 / Med dæmpede hvirvler Trommerne gå / INDIVIDUAL / Categorias: 0 / 
✅ 1157290 / Med en Bluse om min Frakke / INDIVIDUAL / Categorias: 0 / 
❌ 706789 / Compositor não encontrado: Peyron, Ika
✅ 1157314 / Med troens Skjold, i Korsets glans / COMPLETE_WORK / Categorias: 0 / 
❌ 1012499 / Compositor não encontrado: Santa Cecilia, Manoel Luiz de
❌ 792027 / Compositor não encontrado: Colman, Henry S.
✅ 819036 / Medallón Antiguo / COLLECTED_WORKS / Categorias: 0 / 
✅ 271608 / Medea / INDIVIDUAL / Categorias: 0 / 
✅ 519654 / Medea in Corinto / INDIVIDUAL / Categorias: 0 / 
❌ 716355 / Compositor não encontrado: Various
✅ 326365 / Medea, L.477 / INDIVIDUAL / Categorias: 0 / 
✅ 509456 / Medea, Op.13 / INDIVIDUAL / Categorias: 0 / 
✅ 160466 / Medea, Op.57 / INDIVIDUAL / Categorias: 0 / 
❌ 424661 / Compositor não encontrado: Alink, Bert
✅ 1436473 / Media difficoltà, Op.65 / INDIVIDUAL / Categorias: 0 / 
✅ 803930 / Media vita / INDIVIDUAL / Categorias: 0 / 
✅ 851618 / Media vita in morte sumus / INDIVIDUAL / Categorias: 0 / 
✅ 1282499 / Media vita, LV 514 / INDIVIDUAL / Categorias: 0 / 
✅ 897442 / Mediaeval Poem / INDIVIDUAL / Categorias: 0 / 
❌ 1195810 / Compositor não encontrado: Helmsmüller, F.B.
❌ 931566 / Compositor não encontrado: Lawrie, Tom V.
❌ 1116720 / Compositor não encontrado: Woolsey, Calvin Lee
❌ 1051789 / Compositor não encontrado: Various
✅ 790813 / Medieval Gregorian Suite / COMPLETE_WORK / Categorias: 0 / 
❌ 993529 / Compositor não encontrado: Bates, C.M.
✅ 1291831 / Medieval Suite on 'La Folia' / COMPLETE_WORK / Categorias: 0 / 
✅ 592868 / Medimate / INDIVIDUAL / Categorias: 0 / 
✅ 1519935 / Medinilla magnifica (Prelude No. 5) / INDIVIDUAL / Categorias: 0 / 
❌ 1309537 / Compositor não encontrado: Melangola, Roberto
✅ 912195 / Medio Evo / INDIVIDUAL / Categorias: 0 / 
❌ 253161 / Compositor não encontrado: Peraza, Francisco de
❌ 1489175 / Compositor não encontrado: Martín y Coll, Antonio
❌ 19320 / Compositor não encontrado: Bruna, Pablo
❌ 781709 / Compositor não encontrado: Leszczewski, Wladislaw
✅ 411661 / Mediolanum / INDIVIDUAL / Categorias: 0 / 
❌ 910679 / Compositor não encontrado: Wiedermann, Bedřich Antonín
✅ 109448 / Meditabor in mandatis tuis, LV 692 / INDIVIDUAL / Categorias: 0 / 
✅ 1295851 / Meditabor in mandatis, PdPWV Mot214 / INDIVIDUAL / Categorias: 0 / 
✅ 184155 / Meditaciones / INDIVIDUAL / Categorias: 0 / 
✅ 950868 / Meditación / INDIVIDUAL / Categorias: 0 / 
❌ 1022368 / Compositor não encontrado: Pedrosa, Juan Antonio
❌ 1072472 / Compositor não encontrado: Cruz, Antonio de la
❌ 967688 / Compositor não encontrado: Oliveira, Jailton de
✅ 1297296 / Meditando / INDIVIDUAL / Categorias: 0 / 
✅ 964219 / Meditando... / INDIVIDUAL / Categorias: 0 / 
❌ 1249332 / Compositor não encontrado: Mekaev, Alexander
❌ 479258 / Compositor não encontrado: Tinel, Jef
❌ 479337 / Compositor não encontrado: Tinel, Jef
❌ 479339 / Compositor não encontrado: Tinel, Jef
❌ 479355 / Compositor não encontrado: Tinel, Jef
❌ 325314 / Compositor não encontrado: Drilo, Danijel
✅ 795593 / Meditatio / INDIVIDUAL / Categorias: 0 / 
❌ 778139 / Compositor não encontrado: Zintl, Frank
✅ 200869 / Meditation / INDIVIDUAL / Categorias: 0 / 
❌ 1067281 / Compositor não encontrado: Paparozzi, Stefano
✅ 1061043 / Meditation No.1 / INDIVIDUAL / Categorias: 0 / 
✅ 1080018 / Meditation No.2 / INDIVIDUAL / Categorias: 0 / 
❌ 1346456 / Compositor não encontrado: Zintl, Frank
✅ 182641 / Meditation Religieuse, Op.42 / INDIVIDUAL / Categorias: 0 / 
✅ 1525474 / Meditation and Capriccio, Op.23 / COLLECTIONS_WITH / Categorias: 0 / 
✅ 731982 / Meditation and Frolic / INDIVIDUAL / Categorias: 0 / 
❌ 541710 / Compositor não encontrado: Smith, M. F. H.
✅ 626554 / Meditation and Praying / INDIVIDUAL / Categorias: 0 / 
✅ 727315 / Meditation and Processional, B.82 / INDIVIDUAL / Categorias: 0 / 
❌ 314359 / Compositor não encontrado: Evry, Edward d'
✅ 910326 / Meditation and Toccata / INDIVIDUAL / Categorias: 0 / 
✅ 203400 / Meditation for Four Instruments / INDIVIDUAL / Categorias: 0 / 
❌ 617585 / Compositor não encontrado: Bird, Melvin Clive
✅ 208804 / Meditation for Tenor Recorder and Piano / INDIVIDUAL / Categorias: 0 / 
✅ 951506 / Meditation for Violin and Piano / INDIVIDUAL / Categorias: 0 / 
✅ 1068060 / Meditation form Thais / INDIVIDUAL / Categorias: 0 / 
✅ 851802 / Meditation in A-flat major / INDIVIDUAL / Categorias: 0 / 
❌ 862988 / Compositor não encontrado: Oesten, Max
✅ 851800 / Meditation in C major / INDIVIDUAL / Categorias: 0 / 
✅ 217801 / Meditation in D major / INDIVIDUAL / Categorias: 0 / 
✅ 349492 / Meditation in E-flat major / INDIVIDUAL / Categorias: 0 / 
✅ 851769 / Meditation in F major, IFP 191 / INDIVIDUAL / Categorias: 0 / 
✅ 851772 / Meditation in F major, IFP 192 / INDIVIDUAL / Categorias: 0 / 
✅ 457545 / Meditation in G major / INDIVIDUAL / Categorias: 0 / 
❌ 1022902 / Compositor não encontrado: Endo, Masao
❌ 191878 / Compositor não encontrado: Pearce, Charles William
✅ 1424577 / Meditation og fuga, Op.84 / INDIVIDUAL / Categorias: 0 / 
✅ 909932 / Meditation on 'Amazing Grace' / INDIVIDUAL / Categorias: 0 / 
❌ 1131223 / Compositor não encontrado: Cattaneo, Pietro
✅ 634056 / Meditation on 'Conditor alme' / INDIVIDUAL / Categorias: 0 / 
✅ 481250 / Meditation on 'Crimond' / INDIVIDUAL / Categorias: 0 / 
✅ 649571 / Meditation on 'Kinder Johren' / INDIVIDUAL / Categorias: 0 / 
✅ 644358 / Meditation on 'Melcombe' / INDIVIDUAL / Categorias: 0 / 
❌ 1228813 / Compositor não encontrado: Scapin, Massimo
✅ 1078994 / Meditation on 'Veni Creator Spiritus' / INDIVIDUAL / Categorias: 0 / 
❌ 1105010 / Compositor não encontrado: Ceunen, Felix Joseph
✅ 861512 / Meditation on John Keble's Rogationtide Hymn / INDIVIDUAL / Categorias: 0 / 
✅ 704033 / Meditation on Psalm 134 / INDIVIDUAL / Categorias: 0 / 
❌ 1086298 / Compositor não encontrado: Cattaneo, Pietro
✅ 156899 / Meditation on a Ruin / INDIVIDUAL / Categorias: 0 / 
✅ 774433 / Meditation on an Agnus / INDIVIDUAL / Categorias: 0 / 
✅ 254431 / Meditation on the Name of Bach / COLLECTED_WORKS / Categorias: 0 / 
❌ 79766 / Compositor não encontrado: Suk, Josef
❌ 105541 / Compositor não encontrado: Mohr, Thomas
❌ 654136 / Compositor não encontrado: Schopen, Michael
✅ 306444 / Meditation über das Praeludium BWV 851 / INDIVIDUAL / Categorias: 0 / 
❌ 1063101 / Compositor não encontrado: Holub, Hans
❌ 1311590 / Compositor não encontrado: Lange, Otto Heinrich
❌ 849514 / Compositor não encontrado: Prisovsky, Vasily
❌ 878674 / Compositor não encontrado: Dufault, Claude
✅ 1240327 / Meditation, Op.14 / INDIVIDUAL / Categorias: 0 / 
✅ 461730 / Meditation, Op.15 No.2 / INDIVIDUAL / Categorias: 0 / 
✅ 737187 / Meditation, Op.153 / INDIVIDUAL / Categorias: 0 / 
✅ 1485107 / Meditation, Op.25 / INDIVIDUAL / Categorias: 0 / 
✅ 1311443 / Meditation, Op.26 / INDIVIDUAL / Categorias: 0 / 
❌ 451470 / Compositor não encontrado: Bohm, Carl
✅ 44568 / Meditation, Op.32 / INDIVIDUAL / Categorias: 0 / 
❌ 650377 / Compositor não encontrado: Behr, Franz
❌ 749526 / Compositor não encontrado: Loukine, Woldemar
✅ 639641 / Meditation, Op.41 / INDIVIDUAL / Categorias: 0 / 
✅ 144271 / Meditation, Op.61 / INDIVIDUAL / Categorias: 0 / 
❌ 1097725 / Compositor não encontrado: Nemerovsky, Aleksandr
✅ 508631 / Meditation, Op.86 / INDIVIDUAL / Categorias: 0 / 
✅ 636768 / Meditation, Op.88 / INDIVIDUAL / Categorias: 0 / 
❌ 593437 / Compositor não encontrado: Morrison, Charles Summer
✅ 248217 / Meditationen über ein Thema von Max Reger / INDIVIDUAL / Categorias: 0 / 
✅ 456637 / Meditationen, Op.167 / INDIVIDUAL / Categorias: 0 / 
❌ 355326 / Compositor não encontrado: Krause, Paul Otto
❌ 391459 / Compositor não encontrado: Busch, Volkmar
✅ 1090709 / Meditations for 2 Violins / INDIVIDUAL / Categorias: 0 / 
✅ 894965 / Meditations on Communion Hymns / INDIVIDUAL / Categorias: 0 / 
✅ 556405 / Meditations, Op.1 / INDIVIDUAL / Categorias: 0 / 
✅ 545397 / Meditations, Op.3 / INDIVIDUAL / Categorias: 0 / 
✅ 251514 / Meditationum musicarum paradisus I / COLLECTED_WORKS / Categorias: 0 / 
❌ 90938 / Compositor não encontrado: Arrigo, Giuseppe
❌ 950943 / Compositor não encontrado: Dagnino, Eduardo
✅ 24221 / Meditazione / INDIVIDUAL / Categorias: 0 / 
❌ 801919 / Compositor não encontrado: Sodero, Domenico
✅ 1247759 / Meditazione alleluiatica per il Corpus Domini / COLLECTED_WORKS / Categorias: 0 / 
✅ 867119 / Meditazione angelica / INDIVIDUAL / Categorias: 0 / 
✅ 1249351 / Meditazione canonica sopra 'Inclina Domine' / INDIVIDUAL / Categorias: 0 / 
✅ 748276 / Meditazione e fuga / INDIVIDUAL / Categorias: 0 / 
✅ 741258 / Meditazione mistica / INDIVIDUAL / Categorias: 0 / 
✅ 1330569 / Meditazione nuziale / INDIVIDUAL / Categorias: 0 / 
✅ 1330571 / Meditazione pro penitenti / INDIVIDUAL / Categorias: 0 / 
✅ 1204655 / Meditazione quaresimale sopra Emendemus in melius / INDIVIDUAL / Categorias: 0 / 
✅ 751382 / Meditazione sopra 'Herzliebster Jesu' / INDIVIDUAL / Categorias: 0 / 
✅ 750581 / Meditazione sopra 'O Haupt voll Blut und Wunden' / INDIVIDUAL / Categorias: 0 / 
✅ 1228219 / Meditazione sopra 'O Lamm Gottes unschuldig' / INDIVIDUAL / Categorias: 0 / 
✅ 1227984 / Meditazione sopra 'O Mensch bewein dein Sünde groß' / INDIVIDUAL / Categorias: 0 / 
✅ 1251085 / Meditazione sopra Anima Christi / INDIVIDUAL / Categorias: 0 / 
✅ 1217815 / Meditazione sopra Cum angelis et pueris / INDIVIDUAL / Categorias: 0 / 
✅ 1340948 / Meditazione sopra Deep River / INDIVIDUAL / Categorias: 0 / 
✅ 1223132 / Meditazione sopra Ego sum panis vivus / INDIVIDUAL / Categorias: 0 / 
✅ 1483275 / Meditazione sopra Ein Kindelein so löbelich / INDIVIDUAL / Categorias: 0 / 
✅ 1443276 / Meditazione sopra Exsultavit Rosa / INDIVIDUAL / Categorias: 0 / 
✅ 1225056 / Meditazione sopra Ich ruf zu dir / INDIVIDUAL / Categorias: 0 / 
✅ 1224402 / Meditazione sopra Jesu meines Glaubens Zier / INDIVIDUAL / Categorias: 0 / 
✅ 1350862 / Meditazione sopra Nobody Knows / INDIVIDUAL / Categorias: 0 / 
✅ 1426494 / Meditazione sopra O filii et filiæ / INDIVIDUAL / Categorias: 0 / 
✅ 1253011 / Meditazione sopra Paradisi portæ / INDIVIDUAL / Categorias: 0 / 
✅ 1218974 / Meditazione sopra Sub tuum præsidium / INDIVIDUAL / Categorias: 0 / 
✅ 1215051 / Meditazione sopra Tibi Christe splendor Patris / INDIVIDUAL / Categorias: 0 / 
✅ 906870 / Meditazione sopra Ubi caritas / INDIVIDUAL / Categorias: 0 / 
✅ 1386244 / Meditazione sopra Wenn wir in höchsten Nöten sein / INDIVIDUAL / Categorias: 0 / 
✅ 837422 / Meditazione sui tetracordi armeni / INDIVIDUAL / Categorias: 0 / 
✅ 1358435 / Meditazione sul Salve Regina / INDIVIDUAL / Categorias: 0 / 
✅ 1355674 / Meditazione sull'Ave Maria / INDIVIDUAL / Categorias: 0 / 
❌ 1425179 / Compositor não encontrado: Chaine, Eugène
✅ 1447940 / Meditazione, Op.100 / INDIVIDUAL / Categorias: 0 / 
✅ 471269 / Meditação de uma quase... / INDIVIDUAL / Categorias: 0 / 
✅ 1431066 / Meditações / INDIVIDUAL / Categorias: 0 / 
❌ 172177 / Compositor não encontrado: Votta, Alfredo
✅ 1341572 / Mediterranean / INDIVIDUAL / Categorias: 0 / 
❌ 47824 / Compositor não encontrado: Bax, Arnold
❌ 1143971 / Compositor não encontrado: García Carbonell, Sonia
✅ 192744 / Mediterranía / INDIVIDUAL / Categorias: 0 / 
✅ 588435 / Medium / INDIVIDUAL / Categorias: 0 / 
✅ 547943 / Medium α / INDIVIDUAL / Categorias: 0 / 
✅ 547961 / Medium φ / INDIVIDUAL / Categorias: 0 / 
✅ 159286 / Medjé, CG 407 / INDIVIDUAL / Categorias: 0 / 
❌ 1157324 / Compositor não encontrado: Gade, Niels
✅ 326300 / Medley / INDIVIDUAL / Categorias: 0 / 
❌ 1055232 / Compositor não encontrado: Bowman, Albert S.
✅ 1264322 / Medley March 'The Violet' / INDIVIDUAL / Categorias: 0 / 
✅ 1260983 / Medley March / INDIVIDUAL / Categorias: 0 / 
❌ 1216973 / Compositor não encontrado: Taylor, George C.
✅ 1050395 / Medley Overture No.2 / INDIVIDUAL / Categorias: 0 / 
❌ 882737 / Compositor não encontrado: Clagget, Walter
❌ 1026641 / Compositor não encontrado: Butler, Thomas Hamly
❌ 1167375 / Compositor não encontrado: Knaebel, Simon
❌ 1180334 / Compositor não encontrado: Hook, James
❌ 1086563 / Compositor não encontrado: Boettger, Emil
❌ 1066897 / Compositor não encontrado: Moller, John Christopher
✅ 92127 / Medo / INDIVIDUAL / Categorias: 0 / 
✅ 1014277 / Medonte / INDIVIDUAL / Categorias: 0 / 
✅ 423536 / Medonte, re di Epiro / INDIVIDUAL / Categorias: 0 / 
✅ 982006 / Medroso de amor, Op.17 No.1 / INDIVIDUAL / Categorias: 0 / 
❌ 615065 / Compositor não encontrado: Bird, Melvin Clive
✅ 839380 / Medusa / INDIVIDUAL / Categorias: 0 / 
✅ 588944 / Medusa Suite / COMPLETE_WORK / Categorias: 0 / 
❌ 1247422 / Compositor não encontrado: Soustružník, Leoš
✅ 688476 / Medée / INDIVIDUAL / Categorias: 0 / 
✅ 1408381 / Medée fu en amer / INDIVIDUAL / Categorias: 0 / 
✅ 1157329 / Meen Fader var en Bondemand / INDIVIDUAL / Categorias: 0 / 
✅ 896534 / Meeres Stille, D.215a / INDIVIDUAL / Categorias: 0 / 
✅ 35405 / Meeres Stille, D.216 / INDIVIDUAL / Categorias: 0 / 
✅ 1331677 / Meeres-Stille und glückliche Fahrt, Op.12 / INDIVIDUAL / Categorias: 0 / 
✅ 1283366 / Meeresleuchten / INDIVIDUAL / Categorias: 0 / 
✅ 213680 / Meeressang, Op.4 / INDIVIDUAL / Categorias: 0 / 
❌ 279535 / Compositor não encontrado: Dawson, John
✅ 698421 / Meeresstille und glückliche Fahrt, JWV 38 / INDIVIDUAL / Categorias: 0 / 
✅ 58949 / Meeresstille und glückliche Fahrt, Op.112 / INDIVIDUAL / Categorias: 0 / 
✅ 60602 / Meeresstille und glückliche Fahrt, Op.27 / INDIVIDUAL / Categorias: 0 / 
✅ 1137228 / Meerleuchten, Op.256 / INDIVIDUAL / Categorias: 0 / 
❌ 580137 / Compositor não encontrado: Kárnauke, Kurt
✅ 490188 / Meet / INDIVIDUAL / Categorias: 0 / 
❌ 1116728 / Compositor não encontrado: Friedland, Anatol
❌ 1116936 / Compositor não encontrado: Mincer, Harry H.
❌ 1361519 / Compositor não encontrado: Blake, Charlotte
❌ 639458 / Compositor não encontrado: Barrows, O. R.
✅ 527795 / Meet Me Maggie / INDIVIDUAL / Categorias: 0 / 
❌ 1116968 / Compositor não encontrado: Snyder, Jack
✅ 1056085 / Meet Me To-Night / INDIVIDUAL / Categorias: 0 / 
✅ 1116970 / Meet Me To-Night in Dreamland / INDIVIDUAL / Categorias: 0 / 
✅ 1209847 / Meet Me Tonight, Dearest / INDIVIDUAL / Categorias: 0 / 
✅ 1116973 / Meet Me Where the Lanterns Glow / INDIVIDUAL / Categorias: 0 / 
✅ 1116975 / Meet Me Where the Shadows Fall / COLLECTED_WORKS / Categorias: 0 / 
❌ 1116933 / Compositor não encontrado: Harris, Sydney P.
❌ 1361591 / Compositor não encontrado: Doak, Clover Meadows
❌ 1184416 / Compositor não encontrado: Beam, Mark E.
❌ 1116730 / Compositor não encontrado: Snyder, Ted
❌ 105573 / Compositor não encontrado: Wade, Joseph Augustine
✅ 1155787 / Meet Me by the Riverside / INDIVIDUAL / Categorias: 0 / 
❌ 1116939 / Compositor não encontrado: Shannon, James Royce
✅ 1116945 / Meet Me in Bubble Land / INDIVIDUAL / Categorias: 0 / 
❌ 1116952 / Compositor não encontrado: Leyton, Blair
✅ 1116956 / Meet Me in St. Louis, Louis / INDIVIDUAL / Categorias: 0 / 
❌ 1116964 / Compositor não encontrado: Reid, Ivan
❌ 1468710 / Compositor não encontrado: Winner, Joseph Eastburn
❌ 628643 / Compositor não encontrado: Tucker, Henry L.
✅ 433281 / Meet Mr. Debussy / COLLECTED_WORKS / Categorias: 0 / 
❌ 900242 / Compositor não encontrado: Straight, Charles T.
✅ 1234867 / Meet me tonight / INDIVIDUAL / Categorias: 0 / 
❌ 639370 / Compositor não encontrado: Barrington, Frank T.
✅ 287709 / Meeting and Parting / INDIVIDUAL / Categorias: 0 / 
❌ 429778 / Compositor não encontrado: Decq, Adhemar
✅ 389250 / Meeting for Equal Rights 1866 / INDIVIDUAL / Categorias: 0 / 
✅ 883531 / Meeting the Lord in the Morning / INDIVIDUAL / Categorias: 0 / 
❌ 975020 / Compositor não encontrado: Buczkowski, Czesław
❌ 1444992 / Compositor não encontrado: Carelli, Beniamino
✅ 81346 / Mefistofele / INDIVIDUAL / Categorias: 0 / 
❌ 164266 / Compositor não encontrado: Ostijn, Willy
✅ 481023 / Mefistofuga / INDIVIDUAL / Categorias: 0 / 
❌ 110033 / Compositor não encontrado: Cereceda, Guillermo
✅ 1451828 / Meg / INDIVIDUAL / Categorias: 0 / 
✅ 64650 / Meg Blane, Op.48 / INDIVIDUAL / Categorias: 0 / 
❌ 854292 / Compositor não encontrado: Schonaker, Hubert
✅ 1157330 / Meg Merrilies / INDIVIDUAL / Categorias: 0 / 
✅ 298140 / Megalynodia Sionia / COLLECTED_WORKS / Categorias: 0 / 
❌ 1448138 / Compositor não encontrado: Nichols, Joshua
❌ 580710 / Compositor não encontrado: Kőszegi, Alexander
✅ 823698 / Megkésett melódiák, Op.6 / COMPLETE_WORK / Categorias: 0 / 
✅ 631390 / Megy a gőzös... / INDIVIDUAL / Categorias: 0 / 
❌ 956575 / Compositor não encontrado: Lovas, Imre
❌ 1301612 / Compositor não encontrado: Simpson, Cameron Lee
✅ 879810 / Mehala / INDIVIDUAL / Categorias: 0 / 
✅ 548735 / Mehrfach besetzte Instrumentalwerke / COMPLETE_WORK / Categorias: 0 / 
✅ 1214125 / Mehrstimmige Studien für die Violine / INDIVIDUAL / Categorias: 0 / 
✅ 131252 / Mei Diandle is sauber, Op.3 / INDIVIDUAL / Categorias: 0 / 
✅ 625119 / Mei Dirndl, Op.333 / INDIVIDUAL / Categorias: 0 / 
✅ 1231034 / Mei Herz is a Flamm' / INDIVIDUAL / Categorias: 0 / 
✅ 128047 / Mei Maidle / INDIVIDUAL / Categorias: 0 / 
✅ 128864 / Mei Schätzle ist fei / INDIVIDUAL / Categorias: 0 / 
✅ 94180 / Mei Schätzle ist fein / INDIVIDUAL / Categorias: 0 / 
✅ 1391367 / Meiden / INDIVIDUAL / Categorias: 0 / 
❌ 1030773 / Compositor não encontrado: Filho, Constantino
❌ 978299 / Compositor não encontrado: Torres, José Ferreira
✅ 1009309 / Meiga / INDIVIDUAL / Categorias: 0 / 
✅ 987543 / Meigo / INDIVIDUAL / Categorias: 0 / 
❌ 1091377 / Compositor não encontrado: Oliveira, C. de
❌ 1084735 / Compositor não encontrado: Brazil, Ernestina Índia do
✅ 1095831 / Meiguice / INDIVIDUAL / Categorias: 0 / 
❌ 1115060 / Compositor não encontrado: Campos, Antero de
✅ 1502394 / Meiliedje / INDIVIDUAL / Categorias: 0 / 
❌ 1067134 / Compositor não encontrado: Schönburg, Julius
✅ 453573 / Mein Alter kömmt, ich kann nicht sterben / INDIVIDUAL / Categorias: 0 / 
✅ 501259 / Mein Alter, WoO 5 / INDIVIDUAL / Categorias: 0 / 
✅ 979141 / Mein Augen schließ ich jetzt, BWV 378 / INDIVIDUAL / Categorias: 0 / 
✅ 1231032 / Mein Blümelein / INDIVIDUAL / Categorias: 0 / 
❌ 1510509 / Compositor não encontrado: Esterházy-Rossi, Alessandra
✅ 492663 / Mein Dienst und Treu ich klag und mag nit / INDIVIDUAL / Categorias: 0 / 
❌ 635184 / Compositor não encontrado: Thomas, Otto
❌ 1275449 / Compositor não encontrado: Faust, Carl
❌ 1061437 / Compositor não encontrado: Robert, Eugen W.
❌ 1331462 / Compositor não encontrado: Carl, M.
✅ 810670 / Mein Engel / INDIVIDUAL / Categorias: 0 / 
❌ 180771 / Compositor não encontrado: Graupner, Christoph
❌ 601921 / Compositor não encontrado: Tag, Christian Gotthilf
✅ 204912 / Mein Freund komme in seinen Garten / INDIVIDUAL / Categorias: 0 / 
✅ 1320054 / Mein Freund! / INDIVIDUAL / Categorias: 0 / 
❌ 947544 / Compositor não encontrado: Schubert, Franz Anton
❌ 1129277 / Compositor não encontrado: Reichenbach, Herman
❌ 1047050 / Compositor não encontrado: Lüneburg, Eberhard von
❌ 1010649 / Compositor não encontrado: Graupner, Christoph
❌ 171539 / Compositor não encontrado: Graupner, Christoph
✅ 793027 / Mein Glaube ringt in letzen Zügen, TWV 1:1111a / INDIVIDUAL / Categorias: 0 / 
✅ 638281 / Mein Glück / INDIVIDUAL / Categorias: 0 / 
✅ 492668 / Mein Glück geht auf die Seiten aus / INDIVIDUAL / Categorias: 0 / 
❌ 1050677 / Compositor não encontrado: Bosse, Willi
❌ 947351 / Compositor não encontrado: Eilers, Albert
❌ 136799 / Compositor não encontrado: Graupner, Christoph
❌ 1462994 / Compositor não encontrado: Schneider, Johann
✅ 1489823 / Mein Gott das Herze bring‘ ich dir, HoWV VII.77 / INDIVIDUAL / Categorias: 0 / 
❌ 393197 / Compositor não encontrado: Graupner, Christoph
✅ 1288152 / Mein Gott ich bin gesinnt, TWV 1:1112 / INDIVIDUAL / Categorias: 0 / 
✅ 1284730 / Mein Gott mein lieber treuer Gott, LV 938 / INDIVIDUAL / Categorias: 0 / 
✅ 994394 / Mein Gott und Herr / INDIVIDUAL / Categorias: 0 / 
❌ 153651 / Compositor não encontrado: Graupner, Christoph
✅ 619837 / Mein Gott, ich schäme mich, TWV 1:1114 / INDIVIDUAL / Categorias: 0 / 
✅ 1000578 / Mein Gott, mein Gott, warum hast du mich verlassen? / INDIVIDUAL / Categorias: 0 / 
✅ 188035 / Mein Gott, nimm die gerechte Seele, BWV Anh.17 / INDIVIDUAL / Categorias: 0 / 
❌ 102756 / Compositor não encontrado: Graupner, Christoph
❌ 178943 / Compositor não encontrado: Graupner, Christoph
❌ 180626 / Compositor não encontrado: Graupner, Christoph
✅ 149972 / Mein Gott, wie lang, ach lange, BWV 155 / INDIVIDUAL / Categorias: 0 / 
❌ 1070595 / Compositor não encontrado: Jäckel, Adolf
✅ 1053953 / Mein Gruss an Berlin, Op.35 / INDIVIDUAL / Categorias: 0 / 
❌ 1138823 / Compositor não encontrado: Hamm, Johann Valentin
✅ 35898 / Mein Gruss an den Mai, D.305 / INDIVIDUAL / Categorias: 0 / 
❌ 1460789 / Compositor não encontrado: Gedan, Jörg
✅ 813132 / Mein Heidelberg / INDIVIDUAL / Categorias: 0 / 
❌ 180315 / Compositor não encontrado: Graupner, Christoph
❌ 391268 / Compositor não encontrado: Graupner, Christoph
❌ 1094654 / Compositor não encontrado: Lege, Wilhelm
❌ 1081862 / Compositor não encontrado: Wenzel, Paul
❌ 101537 / Compositor não encontrado: Krieger, Johann Philipp
❌ 180631 / Compositor não encontrado: Graupner, Christoph
❌ 137728 / Compositor não encontrado: Graupner, Christoph
❌ 125977 / Compositor não encontrado: Graupner, Christoph
✅ 492671 / Mein Herz hat sich mit Lieb verpflicht / INDIVIDUAL / Categorias: 0 / 
✅ 790052 / Mein Herz ist bereit / INDIVIDUAL / Categorias: 0 / 
✅ 554026 / Mein Herz ist bereit, BuxWV 73 / INDIVIDUAL / Categorias: 0 / 
✅ 674004 / Mein Herz ist bereit, SWV 341 / INDIVIDUAL / Categorias: 0 / 
✅ 1231036 / Mein Herz ist wie die dunkle Nacht / INDIVIDUAL / Categorias: 0 / 
❌ 178933 / Compositor não encontrado: Graupner, Christoph
❌ 138271 / Compositor não encontrado: Graupner, Christoph
❌ 153875 / Compositor não encontrado: Graupner, Christoph
❌ 151878 / Compositor não encontrado: Graupner, Christoph
❌ 232024 / Compositor não encontrado: Graupner, Christoph
✅ 703008 / Mein Herz und deine Stimme, WAB 79 / INDIVIDUAL / Categorias: 0 / 
✅ 1389730 / Mein Herz und deine Stimme, WoO IX/24 / INDIVIDUAL / Categorias: 0 / 
❌ 470379 / Compositor não encontrado: Graupner, Christoph
❌ 180336 / Compositor não encontrado: Graupner, Christoph
✅ 1203320 / Mein Herz, ich will dich fragen / INDIVIDUAL / Categorias: 0 / 
✅ 150109 / Mein Herze schwimmt im Blut, BWV 199 / INDIVIDUAL / Categorias: 0 / 
✅ 954926 / Mein Himmel auf der Erde, Op.16 / INDIVIDUAL / Categorias: 0 / 
❌ 955829 / Compositor não encontrado: Neumann, Emil
❌ 951705 / Compositor não encontrado: Heiser, Wilhelm
✅ 1374411 / Mein Himmel ist rot / INDIVIDUAL / Categorias: 0 / 
✅ 1494745 / Mein Himmelreich / INDIVIDUAL / Categorias: 0 / 
✅ 1231039 / Mein Ideal / INDIVIDUAL / Categorias: 0 / 
✅ 1448391 / Mein Jesu dem die Seraphinen, HoWV VII.202 / INDIVIDUAL / Categorias: 0 / 
✅ 166211 / Mein Jesu! was vor Seelenweh, BWV 487 / INDIVIDUAL / Categorias: 0 / 
✅ 803405 / Mein Jesu, dem die Seraphinen, BWV 486 / INDIVIDUAL / Categorias: 0 / 
✅ 1004118 / Mein Jesu, ist dirs denn verborgen, TWV 1:1119 / INDIVIDUAL / Categorias: 0 / 
❌ 655119 / Compositor não encontrado: Liebhold
❌ 181219 / Compositor não encontrado: Graupner, Christoph
❌ 152122 / Compositor não encontrado: Graupner, Christoph
❌ 1509444 / Compositor não encontrado: Krebs, Johann Tobias
❌ 399981 / Compositor não encontrado: Graupner, Christoph
✅ 1222191 / Mein Jugendland / INDIVIDUAL / Categorias: 0 / 
✅ 942373 / Mein Juwel / INDIVIDUAL / Categorias: 0 / 
❌ 180490 / Compositor não encontrado: Graupner, Christoph
✅ 1473504 / Mein Kind! willt du Gottes Diener sein, TWV 1:1129 / INDIVIDUAL / Categorias: 0 / 
✅ 619839 / Mein Kind, verwirf die Zucht des Herrn nicht, TWV 1:1128 / INDIVIDUAL / Categorias: 0 / 
✅ 1001784 / Mein Kind, willt du Gottes Diener sein, TWV 1:1130 / INDIVIDUAL / Categorias: 0 / 
✅ 39973 / Mein Klavierbuch, Op.114 / INDIVIDUAL / Categorias: 0 / 
❌ 1511076 / Compositor não encontrado: Breu, Simon
✅ 649605 / Mein Leben / INDIVIDUAL / Categorias: 0 / 
✅ 739751 / Mein Leben beginnt jeden Morgen neu / INDIVIDUAL / Categorias: 0 / 
✅ 675733 / Mein Lebenslauf ist Lieb' und Lust!, Op.263 / INDIVIDUAL / Categorias: 0 / 
✅ 721120 / Mein Lebewohl an Berlin / INDIVIDUAL / Categorias: 0 / 
✅ 492673 / Mein Lieb und Treu ich sparen will / INDIVIDUAL / Categorias: 0 / 
❌ 1059362 / Compositor não encontrado: Schnell, Fr.
✅ 163930 / Mein Liebchen ist nicht Heliotrop / INDIVIDUAL / Categorias: 0 / 
✅ 658266 / Mein Liebesstern, Op.237 / INDIVIDUAL / Categorias: 0 / 
✅ 437832 / Mein Liebster ist im Dorf der Schmied, Op.110 / INDIVIDUAL / Categorias: 0 / 
❌ 627178 / Compositor não encontrado: Jork, Emil
✅ 934495 / Mein Liechtenstein, WoO 73 / INDIVIDUAL / Categorias: 0 / 
✅ 950955 / Mein Lied!, Op.108 / INDIVIDUAL / Categorias: 0 / 
✅ 959867 / Mein Lied, Op.81 / INDIVIDUAL / Categorias: 0 / 
❌ 375247 / Compositor não encontrado: Knuth, Jürgen
✅ Mein Müterlein (Isaac, Heinrich) / Mein Müterlein / INDIVIDUAL / Categorias: 0 / 
✅ 112052 / Mein Mütterlein / INDIVIDUAL / Categorias: 0 / 
❌ 1284128 / Compositor não encontrado: Bach, Johann Ernst
✅ 916220 / Mein Opern-Repertoire, Op.205 / INDIVIDUAL / Categorias: 0 / 
✅ 916611 / Mein Opern-Repertoire, Op.206 / INDIVIDUAL / Categorias: 0 / 
✅ 1231043 / Mein Paradies / INDIVIDUAL / Categorias: 0 / 
✅ 309966 / Mein Reichthum, Op.4 / INDIVIDUAL / Categorias: 0 / 
✅ 117091 / Mein Rhein, Op.37 / INDIVIDUAL / Categorias: 0 / 
✅ 1521917 / Mein Schatz ist eine rote Ros' / INDIVIDUAL / Categorias: 0 / 
❌ 223243 / Compositor não encontrado: Graupner, Christoph
✅ 204915 / Mein Schifflein lief im wilden Meer / INDIVIDUAL / Categorias: 0 / 
❌ 303840 / Compositor não encontrado: Mittmann, Paul
✅ 679971 / Mein Schutz und Hülfe kommt, TWV 1:1132 / INDIVIDUAL / Categorias: 0 / 
✅ 640430 / Mein Schätzelein / INDIVIDUAL / Categorias: 0 / 
❌ 1488242 / Compositor não encontrado: Waltershausen, Eberhard von
✅ 28534 / Mein Schönste Zier / INDIVIDUAL / Categorias: 0 / 
❌ 654962 / Compositor não encontrado: Meister, Johann Friedrich
✅ 549130 / Mein Sohn, warum hast du uns das getan, SWV 401 / INDIVIDUAL / Categorias: 0 / 
✅ 1050358 / Mein Sohn, warum hast du uns das getan? / INDIVIDUAL / Categorias: 0 / 
✅ 669945 / Mein Sohn, wo willst du hin so spät?, Op.165 / INDIVIDUAL / Categorias: 0 / 
❌ 134937 / Compositor não encontrado: Graupner, Christoph
✅ 682431 / Mein Spielen / INDIVIDUAL / Categorias: 0 / 
✅ 982731 / Mein Stern! / INDIVIDUAL / Categorias: 0 / 
❌ 1470302 / Compositor não encontrado: Oesten, Max
✅ 976853 / Mein System des Übens / INDIVIDUAL / Categorias: 0 / 
✅ 1028997 / Mein Sünd mich werden kränken sehr, TWV 1:1134 / INDIVIDUAL / Categorias: 0 / 
✅ 1029000 / Mein Sünd mich werden kränken sehr, TWV 1:deest / INDIVIDUAL / Categorias: 0 / 
❌ 151967 / Compositor não encontrado: Graupner, Christoph
❌ 967314 / Compositor não encontrado: Ganglberger, Johann Wilhelm
❌ 816762 / Compositor não encontrado: Abt, Franz
❌ 375251 / Compositor não encontrado: Knuth, Jürgen
✅ 470252 / Mein Vaterland, G.82 / INDIVIDUAL / Categorias: 0 / 
✅ 998521 / Mein Wald, Op.2 / INDIVIDUAL / Categorias: 0 / 
❌ 490002 / Compositor não encontrado: Maurmeier, Robert
✅ 85801 / Mein bester Freund, mein Jesus weint / INDIVIDUAL / Categorias: 0 / 
✅ 23622 / Mein eigen soll sie sein / INDIVIDUAL / Categorias: 0 / 
✅ 986400 / Mein einigs A / INDIVIDUAL / Categorias: 0 / 
✅ 1080285 / Mein einigs A. / INDIVIDUAL / Categorias: 0 / 
❌ 428641 / Compositor não encontrado: Regnart, Jacob
✅ 392474 / Mein erst' Gefühl sei Preis und Dank / INDIVIDUAL / Categorias: 0 / 
❌ 1463101 / Compositor não encontrado: Gedan, Jörg
❌ 1462859 / Compositor não encontrado: Gedan, Jörg
✅ 1284322 / Mein frau Hilgart, LV 565 / INDIVIDUAL / Categorias: 0 / 
✅ 580916 / Mein freud allein / COLLECTED_WORKS / Categorias: 0 / 
✅ 98671 / Mein freundlichs B / INDIVIDUAL / Categorias: 0 / 
❌ 1271709 / Compositor não encontrado: Wüst, Paulus
❌ 428636 / Compositor não encontrado: Regnart, Jacob
❌ 506035 / Compositor não encontrado: Peschin, Gregor
❌ 428581 / Compositor não encontrado: Regnart, Jacob
✅ 1089231 / Mein hertz hat sich mit lieb verpflicht / INDIVIDUAL / Categorias: 0 / 
❌ 428624 / Compositor não encontrado: Regnart, Jacob
✅ 822438 / Mein herziges Hannchen / INDIVIDUAL / Categorias: 0 / 
✅ 286157 / Mein himmlischer Vater / INDIVIDUAL / Categorias: 0 / 
❌ 430854 / Compositor não encontrado: Rener, Adam
❌ 94998 / Compositor não encontrado: Darr, Adam
✅ 622927 / Mein liebes Täubchen, Op.496 / INDIVIDUAL / Categorias: 0 / 
✅ 149971 / Mein liebster Jesus ist verloren, BWV 154 / INDIVIDUAL / Categorias: 0 / 
✅ 193256 / Mein mann, der ist in krieg, LV 456 / INDIVIDUAL / Categorias: 0 / 
❌ 428410 / Compositor não encontrado: Regnart, Jacob
✅ 1328077 / Mein schonstes lip auf erden / INDIVIDUAL / Categorias: 0 / 
✅ 390990 / Mein schönes Florenz, Op.356 / INDIVIDUAL / Categorias: 0 / 
✅ 687358 / Mein schönste Zier und Kleinod bist / INDIVIDUAL / Categorias: 0 / 
❌ 1069157 / Compositor não encontrado: Nolda, Andreas
✅ 437164 / Mein schönster Tag in Baden, Op.58 / INDIVIDUAL / Categorias: 0 / 
✅ 1162389 / Mein schönster Tag in Berlin, Op.250 / INDIVIDUAL / Categorias: 0 / 
✅ 1221318 / Mein treues Bluth / INDIVIDUAL / Categorias: 0 / 
❌ 1084068 / Compositor não encontrado: Gock, Emil
❌ 590008 / Compositor não encontrado: Hönncher, Hermann
❌ 1463307 / Compositor não encontrado: Gedan, Jörg
❌ 1139921 / Compositor não encontrado: Preis, Ferdinand
✅ 985122 / Meine Augen sehen stets zu dem Herrn, TWV 1:1093 / INDIVIDUAL / Categorias: 0 / 
✅ 240429 / Meine Freundin, du bist schön / INDIVIDUAL / Categorias: 0 / 
❌ 144404 / Compositor não encontrado: Costa, Fabio
✅ 1344031 / Meine Geige / INDIVIDUAL / Categorias: 0 / 
✅ 61099 / Meine Gesangskunst / INDIVIDUAL / Categorias: 0 / 
✅ 1421717 / Meine Göttin, Op.11 / INDIVIDUAL / Categorias: 0 / 
❌ 945966 / Compositor não encontrado: Teich, Otto
❌ 196937 / Compositor não encontrado: Graupner, Christoph
❌ 225359 / Compositor não encontrado: Graupner, Christoph
❌ 180472 / Compositor não encontrado: Graupner, Christoph
✅ 1232513 / Meine Klage / INDIVIDUAL / Categorias: 0 / 
✅ 502626 / Meine Königin / INDIVIDUAL / Categorias: 0 / 
✅ 496479 / Meine Leibfarben, G.170 / INDIVIDUAL / Categorias: 0 / 
✅ 1071881 / Meine Letzte / INDIVIDUAL / Categorias: 0 / 
❌ 195304 / Compositor não encontrado: Fischer, Michael Gotthard
✅ 1047245 / Meine Liebe ist mein Leben / INDIVIDUAL / Categorias: 0 / 
❌ 138168 / Compositor não encontrado: Graupner, Christoph
❌ 181364 / Compositor não encontrado: Graupner, Christoph
✅ 128684 / Meine Muse / INDIVIDUAL / Categorias: 0 / 
❌ 596920 / Compositor não encontrado: Gutkaisz, Gustav
✅ 701630 / Meine Ruh ist dahin, P.178 / INDIVIDUAL / Categorias: 0 / 
✅ 740002 / Meine Ruh' ist hin, mein Herz ist schwer / INDIVIDUAL / Categorias: 0 / 
✅ 1014445 / Meine Schafe hören meine Stimme, TWV 1:1102 / INDIVIDUAL / Categorias: 0 / 
✅ 383576 / Meine Schafe hören meine Stimme, TWV 1:1103 / INDIVIDUAL / Categorias: 0 / 
❌ 961791 / Compositor não encontrado: Heiser, Wilhelm
✅ 134064 / Meine Seel erhebt den Herren, BWV 10 / INDIVIDUAL / Categorias: 0 / 
✅ 787271 / Meine Seel' erhebt den Herrn, TWV 1:1107 / INDIVIDUAL / Categorias: 0 / 
✅ 822234 / Meine Seele / INDIVIDUAL / Categorias: 0 / 
❌ 180323 / Compositor não encontrado: Graupner, Christoph
❌ 734048 / Compositor não encontrado: Pachelbel, Johann
✅ 804650 / Meine Seele erhebet den Herren, R.130 / INDIVIDUAL / Categorias: 0 / 
✅ 1339570 / Meine Seele erhebt den Herren / INDIVIDUAL / Categorias: 0 / 
✅ 1282596 / Meine Seele erhebt den Herren, BWV 324 / INDIVIDUAL / Categorias: 0 / 
✅ 669439 / Meine Seele erhebt den Herren, BWV 648 / INDIVIDUAL / Categorias: 0 / 
✅ 112234 / Meine Seele erhebt den Herren, SWV 494 / INDIVIDUAL / Categorias: 0 / 
❌ 303309 / Compositor não encontrado: Bach, Johann Ernst
✅ 1447345 / Meine Seele erhebt den Herrn / INDIVIDUAL / Categorias: 0 / 
❌ 160967 / Compositor não encontrado: Graupner, Christoph
❌ 178903 / Compositor não encontrado: Graupner, Christoph
✅ 979222 / Meine Seele erhebt den Herrn, TWV 1:1108 / INDIVIDUAL / Categorias: 0 / 
✅ 1514506 / Meine Seele erhebt den Herrn, TWV 1:1754 / INDIVIDUAL / Categorias: 0 / 
✅ 599874 / Meine Seele erhebt den Herrn, TWV 9:18 / INDIVIDUAL / Categorias: 0 / 
❌ 179666 / Compositor não encontrado: Graupner, Christoph
❌ 557353 / Compositor não encontrado: Gast, Friedrich Moritz
❌ 150100 / Compositor não encontrado: Hoffmann, Melchior
✅ 193476 / Meine Seele soll verzagen, TWV 1:deest / INDIVIDUAL / Categorias: 0 / 
✅ 553992 / Meine Seele willtu ruhn, BuxWV 74 / INDIVIDUAL / Categorias: 0 / 
✅ 171459 / Meine Seele, laß es gehen, BWV 522 / INDIVIDUAL / Categorias: 0 / 
❌ 125730 / Compositor não encontrado: Graupner, Christoph
✅ 136866 / Meine Seufzer, meine Tränen, BWV 13 / INDIVIDUAL / Categorias: 0 / 
❌ 323763 / Compositor não encontrado: Pachelbel, Johann
✅ 1231045 / Meine drei Freunde / INDIVIDUAL / Categorias: 0 / 
❌ 936042 / Compositor não encontrado: Faust, Carl
✅ 165909 / Meinen Heiland im Herzen / INDIVIDUAL / Categorias: 0 / 
✅ 149896 / Meinen Jesum lass ich nicht, BWV 124 / INDIVIDUAL / Categorias: 0 / 
❌ 375844 / Compositor não encontrado: Graupner, Christoph
❌ 1278738 / Compositor não encontrado: Tag, Christian Gotthilf
✅ 1285775 / Meinen Jesum laß ich nicht, BWV 379 / INDIVIDUAL / Categorias: 0 / 
✅ 801670 / Meinen Jesum laß ich nicht, BWV 380 / INDIVIDUAL / Categorias: 0 / 
✅ 812583 / Meinen Jesum laß ich nicht, Jesus, R.151 / INDIVIDUAL / Categorias: 0 / 
✅ 884149 / Meinen Jesum laß ich nicht, Krebs-WV 536 / INDIVIDUAL / Categorias: 0 / 
✅ 813104 / Meinen Jesum laß' ich nicht, weil, R.152 / INDIVIDUAL / Categorias: 0 / 
✅ 1292810 / Meinen Jesum will ich lieben, TWV 1:1098 / INDIVIDUAL / Categorias: 0 / 
❌ 1070322 / Compositor não encontrado: Nolda, Andreas
❌ 884754 / Compositor não encontrado: Kushki, Mohsen
❌ 199255 / Compositor não encontrado: Simon, Ernst
✅ 1295900 / Meines Lebens letzte Zeit, BWV 381 / INDIVIDUAL / Categorias: 0 / 
✅ 804335 / Meines Lebens letzte Zeit, BWV 488 / INDIVIDUAL / Categorias: 0 / 
✅ 1471791 / Meiskin es u cutkin ru / INDIVIDUAL / Categorias: 0 / 
✅ 38413 / Meissner Porzellan, Op.6 / INDIVIDUAL / Categorias: 0 / 
✅ 1407729 / Meister des Klaviers / INDIVIDUAL / Categorias: 0 / 
❌ 405851 / Compositor não encontrado: Various
❌ 552474 / Compositor não encontrado: Stölzel, Gottfried Heinrich
❌ 360360 / Compositor não encontrado: Graupner, Christoph
✅ 634301 / Meister zwischen Barock und Romantik / COLLECTED_WORKS / Categorias: 0 / 
❌ 251724 / Compositor não encontrado: Vulpius, Melchior
✅ 407160 / Meister-Schule der alten Zeit / COLLECTED_WORKS / Categorias: 0 / 
✅ 9329 / Meisterschule / INDIVIDUAL / Categorias: 0 / 
✅ 968387 / Meisterstücke des italiänischen Gesanges / COLLECTED_WORKS / Categorias: 0 / 
✅ 231317 / Melancholia / INDIVIDUAL / Categorias: 0 / 
❌ 913217 / Compositor não encontrado: Pintel, Jacques
❌ 913205 / Compositor não encontrado: Rapée, Ernő
✅ 581349 / Melancholic Sonatina / INDIVIDUAL / Categorias: 0 / 
✅ 972785 / Melancholické písně o lásce, Op.38 / INDIVIDUAL / Categorias: 0 / 
❌ 627459 / Compositor não encontrado: Kock, Karl
✅ 1065693 / Melancholie / INDIVIDUAL / Categorias: 0 / 
✅ 1339322 / Melancholie im Walde / INDIVIDUAL / Categorias: 0 / 
✅ 509589 / Melancholie, Op.13 / COLLECTED_WORKS / Categorias: 0 / 
❌ 143048 / Compositor não encontrado: Müller, Bernhard Eduard
❌ 1480166 / Compositor não encontrado: Teves, Santiago
❌ 123286 / Compositor não encontrado: Buss, Frank
✅ 803968 / Melancholy / INDIVIDUAL / Categorias: 0 / 
✅ 490318 / Melancholy Etude, Op.134 / INDIVIDUAL / Categorias: 0 / 
✅ 1458411 / Melancholy Fugue / INDIVIDUAL / Categorias: 0 / 
❌ 362729 / Compositor não encontrado: Dowland, John
❌ 1468070 / Compositor não encontrado: Simpson, Cameron Lee
❌ 1441653 / Compositor não encontrado: Simpson, Cameron Lee
✅ Melancholy Song for Violin (Wot, Felix Firmiana) / Melancholy Song for Violin / INDIVIDUAL / Categorias: 0 / 
✅ 612429 / Melancholy Suite, Op.8 / COMPLETE_WORK / Categorias: 0 / 
❌ 1333128 / Compositor não encontrado: Roy, Sambaran
❌ 969231 / Compositor não encontrado: Staheli, Gwendolyn
✅ 997113 / Melancolia / INDIVIDUAL / Categorias: 0 / 
❌ 867075 / Compositor não encontrado: P. Guerra, Ignacio
✅ 915055 / Melancolia, Op.110 / INDIVIDUAL / Categorias: 0 / 
✅ 445582 / Melancolia, Op.15 / INDIVIDUAL / Categorias: 0 / 
✅ 622734 / Melancolia, Op.76 / INDIVIDUAL / Categorias: 0 / 
✅ 1061645 / Melancolica / INDIVIDUAL / Categorias: 0 / 
❌ 1195681 / Compositor não encontrado: Rothemund, Christian
✅ 214231 / Melancolie, Op.85 / INDIVIDUAL / Categorias: 0 / 
✅ 1119694 / Melancolía / INDIVIDUAL / Categorias: 0 / 
✅ 1465211 / Melancolía de la Hermosa / INDIVIDUAL / Categorias: 0 / 
✅ 983474 / Melancólica / INDIVIDUAL / Categorias: 0 / 
✅ 757595 / Melange & Duo on 'Gustave', Op.65 / INDIVIDUAL / Categorias: 0 / 
❌ 1489257 / Compositor não encontrado: Meissonnier, Joseph
✅ 1357889 / Melange sur des Motifs Favoris du 'Siège de Corinthe', Op.91 / INDIVIDUAL / Categorias: 0 / 
✅ 1066265 / Melanie-Gavotte / INDIVIDUAL / Categorias: 0 / 
❌ 1103163 / Compositor não encontrado: Dahl, Adrian
✅ 668445 / Melba Method / INDIVIDUAL / Categorias: 0 / 
❌ 639600 / Compositor não encontrado: Cairos-Rego, George de
❌ 1116979 / Compositor não encontrado: Adams, Charles
✅ 177629 / Melcombe / INDIVIDUAL / Categorias: 0 / 
❌ 610127 / Compositor não encontrado: Tyers, William H.
❌ 833735 / Compositor não encontrado: Hood, Micah
✅ 1272445 / Melete / INDIVIDUAL / Categorias: 0 / 
✅ 594912 / Meletemata sacra Davidis regii prophetæ / COLLECTED_WORKS / Categorias: 0 / 
✅ 671070 / Melgar / INDIVIDUAL / Categorias: 0 / 
❌ 869531 / Compositor não encontrado: Olsen, Ole
❌ 392268 / Compositor não encontrado: Isida, Kazue Rockzaemon
✅ 377403 / Melinda May / INDIVIDUAL / Categorias: 0 / 
✅ 1117013 / Melinda's Wedding Day / INDIVIDUAL / Categorias: 0 / 
❌ 1412714 / Compositor não encontrado: Herrera, Florentino
❌ 1030297 / Compositor não encontrado: Oliveira, Nelson Horacio de
✅ 235270 / Melisande Variations / INDIVIDUAL / Categorias: 0 / 
✅ 1081424 / Melisma for Soprano, Chorus and Organ, Op.2252 / INDIVIDUAL / Categorias: 0 / 
✅ 3336 / Melismata / COLLECTED_WORKS / Categorias: 0 / 
❌ 893919 / Compositor não encontrado: Wilhelmy, A.H.
✅ 681965 / Melita / INDIVIDUAL / Categorias: 0 / 
❌ 913787 / Compositor não encontrado: Various
✅ 913851 / Mellange, 1570 / COLLECTED_WORKS / Categorias: 0 / 
✅ 464209 / Mellican Man / INDIVIDUAL / Categorias: 0 / 
✅ 1117021 / Mello Cello / INDIVIDUAL / Categorias: 0 / 
❌ 120620 / Compositor não encontrado: Various
✅ 1441475 / Mellow Melody, HV 20 / INDIVIDUAL / Categorias: 0 / 
✅ 114940 / Melnotte's Banjo / INDIVIDUAL / Categorias: 0 / 
✅ 1448323 / Melo-Chorian Gallop / COLLECTED_WORKS / Categorias: 0 / 
❌ 1083025 / Compositor não encontrado: Wannemacher, Henry
❌ 1430047 / Compositor não encontrado: Jacobson, Myron
✅ 874957 / Melodeclamations, Op.32 / INDIVIDUAL / Categorias: 0 / 
❌ 488204 / Compositor não encontrado: Adam, Rudolfus
❌ 856117 / Compositor não encontrado: Various
✅ 698455 / Melodi, CNW 97 / COLLECTED_WORKS / Categorias: 0 / 
✅ 1198813 / Melodia / INDIVIDUAL / Categorias: 0 / 
❌ 1041428 / Compositor não encontrado: Busby, Thomas
❌ 665199 / Compositor não encontrado: Mattos, Fernando
✅ 55879 / Melodia II / INDIVIDUAL / Categorias: 0 / 
✅ 933531 / Melodia Maciusia z dramatu Zaczarowane koło / INDIVIDUAL / Categorias: 0 / 
❌ 319453 / Compositor não encontrado: Vicelli, Stefano
✅ 42924 / Melodia No.1, Op.16 / INDIVIDUAL / Categorias: 0 / 
✅ 114031 / Melodia No.2, Op.21 / INDIVIDUAL / Categorias: 0 / 
✅ 201494 / Melodia No.3 / INDIVIDUAL / Categorias: 0 / 
✅ 1361913 / Melodia Nocturna / INDIVIDUAL / Categorias: 0 / 
❌ 228610 / Compositor não encontrado: Philips, Peter
❌ 1361126 / Compositor não encontrado: Romagnoli, Pietro
❌ 426000 / Compositor não encontrado: Shaw, Oliver
✅ 1270160 / Melodia Sacra / COLLECTED_WORKS / Categorias: 0 / 
❌ 1233249 / Compositor não encontrado: Cords, Gustav
❌ 995709 / Compositor não encontrado: Biferno, Antonio
✅ 1341238 / Melodia del Sannio / INDIVIDUAL / Categorias: 0 / 
❌ 124992 / Compositor não encontrado: Baci, Adolfo
✅ 566760 / Melodia in C minor / INDIVIDUAL / Categorias: 0 / 
✅ 1426485 / Melodia intima / INDIVIDUAL / Categorias: 0 / 
✅ 201266 / Melodia italiana / INDIVIDUAL / Categorias: 0 / 
✅ 1498263 / Melodia para Guitarra / INDIVIDUAL / Categorias: 0 / 
✅ 99755 / Melodia per Inni / INDIVIDUAL / Categorias: 0 / 
✅ 821019 / Melodia variata / INDIVIDUAL / Categorias: 0 / 
✅ 23816 / Melodia variata on Verdi's 'La Traviata', Op.98 / INDIVIDUAL / Categorias: 0 / 
✅ 1500771 / Melodia, Op.13 / COLLECTED_WORKS / Categorias: 0 / 
✅ 624835 / Melodia, SN1.27 / INDIVIDUAL / Categorias: 0 / 
❌ 551143 / Compositor não encontrado: Faber, Nicolaus
❌ 270568 / Compositor não encontrado: Bonhomme, Pierre
❌ 1136141 / Compositor não encontrado: Walczyński, Franciszek
❌ 414072 / Compositor não encontrado: Franck, Melchior
✅ 1347097 / Melodias transcendentais / INDIVIDUAL / Categorias: 0 / 
✅ 1496368 / Melodic Etudes / INDIVIDUAL / Categorias: 0 / 
❌ 538866 / Compositor não encontrado: Yılmaz, Hasan Hüseyin
✅ 1024147 / Melodic Prelude / INDIVIDUAL / Categorias: 0 / 
❌ 1068472 / Compositor não encontrado: Rollinson, Thomas H.
❌ 1025149 / Compositor não encontrado: Rollinson, Thomas H.
✅ 99668 / Melodic Studies for Equalization of the Hands, Op.853 / INDIVIDUAL / Categorias: 0 / 
❌ 1037772 / Compositor não encontrado: Petre, Torsten
❌ 565145 / Compositor não encontrado: Cerné, Charles
❌ 234466 / Compositor não encontrado: Harraden, Ethel Rosalie
❌ 1091908 / Compositor não encontrado: Kirchner, Fritz
❌ 174748 / Compositor não encontrado: Kreyn, Mark
✅ 857518 / Melodie / INDIVIDUAL / Categorias: 0 / 
✅ 667312 / Melodie Europy / INDIVIDUAL / Categorias: 0 / 
❌ 813651 / Compositor não encontrado: Mozart, Wolfgang Amadeus
❌ 386714 / Compositor não encontrado: Jordan, Frédéric
❌ 386718 / Compositor não encontrado: Jordan, Frédéric
❌ 386721 / Compositor não encontrado: Jordan, Frédéric
❌ 386728 / Compositor não encontrado: Jordan, Frédéric
❌ 680832 / Compositor não encontrado: Bruin, Bram
✅ 915047 / Melodie Sacre / COLLABORATION / Categorias: 0 / 
✅ 519475 / Melodie et scherzetto, Op.68 / INDIVIDUAL / Categorias: 0 / 
❌ 52567 / Compositor não encontrado: Szerémi, Gustave
✅ 1053446 / Melodie francesi, Op.158 / INDIVIDUAL / Categorias: 0 / 
❌ 993005 / Compositor não encontrado: Pabst, Paul
✅ 1215218 / Melodie giapponesi, Op.172 / INDIVIDUAL / Categorias: 0 / 
✅ 1048103 / Melodie gregoriane, Op.135a / INDIVIDUAL / Categorias: 0 / 
✅ 1065141 / Melodie gregoriane, Op.135c / INDIVIDUAL / Categorias: 0 / 
✅ 624945 / Melodie in C major / INDIVIDUAL / Categorias: 0 / 
✅ 123855 / Melodie in G major / INDIVIDUAL / Categorias: 0 / 
❌ 816729 / Compositor não encontrado: Leys, Peter
✅ 88273 / Melodie liriche, Op.25 or Op.32 / INDIVIDUAL / Categorias: 0 / 
✅ 583812 / Melodie ludowe z Oskara Kolberga / COLLECTED_WORKS / Categorias: 0 / 
❌ 898488 / Compositor não encontrado: Gomółka, Mikołaj
❌ 722949 / Compositor não encontrado: Gardana, Enea
❌ 699711 / Compositor não encontrado: Lacchini, Vincenzo
✅ 585306 / Melodie pour Piano / INDIVIDUAL / Categorias: 0 / 
✅ 432974 / Melodie sacre / COLLECTED_WORKS / Categorias: 0 / 
✅ 970761 / Melodie tradizionali di Natale / INDIVIDUAL / Categorias: 0 / 
❌ 299145 / Compositor não encontrado: Aulin, Tor
✅ 444006 / Melodie, Op.4 / INDIVIDUAL / Categorias: 0 / 
❌ 1333537 / Compositor não encontrado: Franco-Mendès, Jacques
✅ Melodie, Op.55a (Heller, Stephen) / Melodie, Op.55a / INDIVIDUAL / Categorias: 0 / 
✅ 18618 / Melodie, Op.8 / INDIVIDUAL / Categorias: 0 / 
✅ 1015354 / Melodie, Op.92 / INDIVIDUAL / Categorias: 0 / 
❌ 593778 / Compositor não encontrado: Forberg, Friedrich
✅ 222704 / Melodieen zum Schillerschen Musenalmanach, Z.121 / COLLECTED_WORKS / Categorias: 0 / 
✅ 1383764 / Melodieenbuch / COLLECTED_WORKS / Categorias: 0 / 
❌ 1270574 / Compositor não encontrado: Bartoš, Johann
✅ 1305462 / Melodien aus Ludwig van Beethovens Sonaten und Sinfonien / INDIVIDUAL / Categorias: 0 / 
✅ 1218919 / Melodien von Pleyel mit unterlegten Liedern / COLLECTED_WORKS / Categorias: 0 / 
❌ 1012260 / Compositor não encontrado: Preindl, Joseph
❌ 556188 / Compositor não encontrado: Hussla, Andreas
✅ 595902 / Melodien zu Gellert's Geistlichen Oden und Liedern / COLLECTED_WORKS / Categorias: 0 / 
❌ 534955 / Compositor não encontrado: Various
✅ 629528 / Melodien, Op.15 / INDIVIDUAL / Categorias: 0 / 
❌ 724496 / Compositor não encontrado: Belcke, Christian Gottlieb
✅ 215851 / Melodien-Album / COLLECTED_WORKS / Categorias: 0 / 
✅ 789365 / Melodien-Parade, Op.157 / INDIVIDUAL / Categorias: 0 / 
✅ 406439 / Melodien-Quadrille, Op.112 / INDIVIDUAL / Categorias: 0 / 
✅ 681911 / Melodien-Quelle, Op.167 / INDIVIDUAL / Categorias: 0 / 
❌ 199432 / Compositor não encontrado: Hässner, H.
✅ 199415 / Melodien-Sträusschen nach Schubert / INDIVIDUAL / Categorias: 0 / 
✅ 407620 / Melodien-Zauber, Op.461 / INDIVIDUAL / Categorias: 0 / 
✅ 1141299 / Melodienbuch, Op.101bis / INDIVIDUAL / Categorias: 0 / 
❌ 582225 / Compositor não encontrado: Arenas, Matías José
❌ 821258 / Compositor não encontrado: Feyhl, Johannes
✅ 613090 / Melodienschatz, Op.36 / INDIVIDUAL / Categorias: 0 / 
✅ 976825 / Melodienschule, Op.86 / INDIVIDUAL / Categorias: 0 / 
❌ 1064528 / Compositor não encontrado: Mahnecke, Richard
❌ 1277176 / Compositor não encontrado: Meissner, Leander
✅ 458251 / Melodier / COLLECTED_WORKS / Categorias: 0 / 
✅ 74849 / Melodier til Digte af Ernst von der Recke, Op.20 / INDIVIDUAL / Categorias: 0 / 
✅ 913185 / Melodier til Landstads Salmebog / COLLECTED_WORKS / Categorias: 0 / 
✅ 642985 / Melodier til Tillæg til Psalmebog til Kirke- og Huus-Andagt / COLLECTED_WORKS / Categorias: 0 / 
❌ 1010513 / Compositor não encontrado: Legnani, Luigi
✅ 1416391 / Melodies and Songs based on Ukrainian Poems, Op.91 / INDIVIDUAL / Categorias: 0 / 
✅ 663305 / Melodies from 'Faust' / INDIVIDUAL / Categorias: 0 / 
✅ 49007 / Melodies from 'Tristan und Isolde', Op.112 / INDIVIDUAL / Categorias: 0 / 
✅ 1279036 / Melodies from Carmen / INDIVIDUAL / Categorias: 0 / 
✅ 365082 / Melodies from the Piano Sonatas / COLLECTED_WORKS / Categorias: 0 / 
✅ 384136 / Melodies of Praise / COLLECTED_WORKS / Categorias: 0 / 
❌ 541738 / Compositor não encontrado: Jones, Abner
✅ 4808 / Melodies of the Heart, Op.5 / INDIVIDUAL / Categorias: 0 / 
✅ 1346661 / Melodies of the Singers of the Alps / COLLECTED_WORKS / Categorias: 0 / 
❌ 987747 / Compositor não encontrado: Rymaszewski, Jerzy Marian
❌ 1009511 / Compositor não encontrado: Trott, Josephine
✅ 1387522 / Melodious Memories / INDIVIDUAL / Categorias: 0 / 
❌ 664316 / Compositor não encontrado: Alden, Blanche Ray
✅ 291366 / Melodious Recreations, Op.274 / INDIVIDUAL / Categorias: 0 / 
✅ 159583 / Melodious Studies, Op.163 / INDIVIDUAL / Categorias: 0 / 
✅ 310468 / Melodisch-Kontrapunktische studien, Op.137b / INDIVIDUAL / Categorias: 0 / 
❌ 516111 / Compositor não encontrado: Hofmann, Richard
❌ 123387 / Compositor não encontrado: Palaschko, Johannes
✅ 1102924 / Melodische Schwärmereien, Op.436 / INDIVIDUAL / Categorias: 0 / 
✅ 1367915 / Melodische Schwärmereien, Op.53 / INDIVIDUAL / Categorias: 0 / 
✅ 666342 / Melodische Special-Etüden, Op.75 / INDIVIDUAL / Categorias: 0 / 
✅ 74826 / Melodische Studien für die linke Hand, Op.19 / INDIVIDUAL / Categorias: 0 / 
✅ 1464453 / Melodische Ton- und Vortragsstudien, Op.13 / INDIVIDUAL / Categorias: 0 / 
✅ 1379147 / Melodische Tonstücke Heft II, Op.316 / COMPLETE_WORK / Categorias: 0 / 
✅ 1379149 / Melodische Tonstücke Heft IV, Op.318 / COMPLETE_WORK / Categorias: 0 / 
✅ 522607 / Melodische Tändeleien, Op.251 / INDIVIDUAL / Categorias: 0 / 
❌ 1407690 / Compositor não encontrado: Weippert, J.
✅ 478276 / Melodische Vortragsstudien in allen Tonarten, Op.159 / COLLECTED_WORKS / Categorias: 0 / 
✅ 948374 / Melodische und progressive Übungen, Op.131 / INDIVIDUAL / Categorias: 0 / 
❌ 401537 / Compositor não encontrado: Enke, Heinrich
✅ 1035772 / Melodisk Album, Op.50 / INDIVIDUAL / Categorias: 0 / 
❌ 82291 / Compositor não encontrado: Heine, Axel
✅ 1035766 / Melodiske Profiler, Op.38 / INDIVIDUAL / Categorias: 0 / 
✅ 721126 / Melodiske Smaastykker for de første Begyndere / INDIVIDUAL / Categorias: 0 / 
✅ 527467 / Melodiske Tonebilleder / INDIVIDUAL / Categorias: 0 / 
✅ 1232081 / Melodja / INDIVIDUAL / Categorias: 0 / 
❌ 1264730 / Compositor não encontrado: Gold, Artur
❌ 1132705 / Compositor não encontrado: Surzyński, Mieczysław
❌ 319765 / Compositor não encontrado: Knowland-Coe, Sadie
✅ 493626 / Melodrama, Op.30 / INDIVIDUAL / Categorias: 0 / 
✅ 511256 / Melodrama, Op.3c No.2 / INDIVIDUAL / Categorias: 0 / 
❌ 1271973 / Compositor não encontrado: Kerssen, Carl
❌ 1269818 / Compositor não encontrado: Lewis, Charles L.
❌ 1061546 / Compositor não encontrado: Cox, John Summers
❌ 1070083 / Compositor não encontrado: Hosfeld, Samuel
❌ 1083327 / Compositor não encontrado: Wannemacher, Henry
✅ 1092236 / Melodramatisk Fantasi / INDIVIDUAL / Categorias: 0 / 
✅ 956243 / Melodramen, Op.21 / INDIVIDUAL / Categorias: 0 / 
✅ 1268498 / Melody / INDIVIDUAL / Categorias: 0 / 
❌ 1032097 / Compositor não encontrado: Blake, Dorothy Gaynor
❌ 1117030 / Compositor não encontrado: Greenland, Ormond T.
❌ 1492597 / Compositor não encontrado: Ames, William Leon
✅ 309623 / Melody No.2 / INDIVIDUAL / Categorias: 0 / 
✅ 520739 / Melody Pictures for Study and Recreation / INDIVIDUAL / Categorias: 0 / 
✅ 637818 / Melody Rag / INDIVIDUAL / Categorias: 0 / 
❌ 1117046 / Compositor não encontrado: Olson, Elmer
❌ 306141 / Compositor não encontrado: Costello, Andy
✅ 191221 / Melody and Canon / INDIVIDUAL / Categorias: 0 / 
✅ 379749 / Melody and Dance of Sun / INDIVIDUAL / Categorias: 0 / 
✅ 1081124 / Melody and Intermezzo / INDIVIDUAL / Categorias: 0 / 
❌ 1117025 / Compositor não encontrado: Martin, John
✅ 1205025 / Melody for Ale / INDIVIDUAL / Categorias: 0 / 
✅ 1205029 / Melody for Celia / INDIVIDUAL / Categorias: 0 / 
✅ 536988 / Melody for Cello and Piano / INDIVIDUAL / Categorias: 0 / 
✅ 1205035 / Melody for Ellie-Lea / INDIVIDUAL / Categorias: 0 / 
✅ 549356 / Melody for Hoedown / INDIVIDUAL / Categorias: 0 / 
✅ 1205037 / Melody for Jackie / INDIVIDUAL / Categorias: 0 / 
✅ 1205023 / Melody for Julia / INDIVIDUAL / Categorias: 0 / 
✅ 538121 / Melody for Orange Fiddle / INDIVIDUAL / Categorias: 0 / 
✅ 1205039 / Melody for Rebecca / INDIVIDUAL / Categorias: 0 / 
✅ 1157803 / Melody for Violin with Piano, WV 2 / INDIVIDUAL / Categorias: 0 / 
❌ 597764 / Compositor não encontrado: Bowen, York
✅ 1261562 / Melody from 'Erminie' / INDIVIDUAL / Categorias: 0 / 
❌ 1028879 / Compositor não encontrado: Hewitt, Horatio Dawes
✅ 202266 / Melody in A-flat major / INDIVIDUAL / Categorias: 0 / 
✅ 564757 / Melody in B-flat major / INDIVIDUAL / Categorias: 0 / 
❌ 203305 / Compositor não encontrado: West, John A.
✅ 438840 / Melody in D-flat major / INDIVIDUAL / Categorias: 0 / 
✅ 1485097 / Melody in E-flat major / INDIVIDUAL / Categorias: 0 / 
❌ 183316 / Compositor não encontrado: White, Lewis Meadows
❌ 650857 / Compositor não encontrado: Blatch, George Francis
✅ 681079 / Melody in G major / INDIVIDUAL / Categorias: 0 / 
❌ 629786 / Compositor não encontrado: Bowen, York
✅ 376394 / Melody in a Folk-song Style / INDIVIDUAL / Categorias: 0 / 
✅ 1246832 / Melody of Paganini / INDIVIDUAL / Categorias: 0 / 
❌ 243903 / Compositor não encontrado: Le Roy, Felix
❌ 1032080 / Compositor não encontrado: Martin, Carroll F.
✅ 567922 / Melody of Pi / INDIVIDUAL / Categorias: 0 / 
❌ 876857 / Compositor não encontrado: Chanter, Arthur
❌ 69326 / Compositor não encontrado: Strelezki, Anton
✅ 233427 / Melody with Harmony for the Banjo / INDIVIDUAL / Categorias: 0 / 
✅ 894664 / Melody, Op.18 / INDIVIDUAL / Categorias: 0 / 
✅ 187210 / Melody, Op.44 / INDIVIDUAL / Categorias: 0 / 
❌ 830513 / Compositor não encontrado: Bowden, Mary
❌ 1230547 / Compositor não encontrado: Jarecki, Władysław
✅ 1145841 / Melodía 'Cuba adiós' / INDIVIDUAL / Categorias: 0 / 
✅ 1427463 / Melodía 'Missus est Angelus', PG 312 / INDIVIDUAL / Categorias: 0 / 
✅ 227916 / Melodía / INDIVIDUAL / Categorias: 0 / 
✅ 68353 / Melodía Elegíaca / INDIVIDUAL / Categorias: 0 / 
❌ 829557 / Compositor não encontrado: Reyes, Diego
✅ 799864 / Melodía fantástica / INDIVIDUAL / Categorias: 0 / 
✅ 254243 / Melodía fluente / INDIVIDUAL / Categorias: 0 / 
❌ 592841 / Compositor não encontrado: Bueno, Julio A.
❌ 1074704 / Compositor não encontrado: Cruz, Antonio de la
❌ 1074707 / Compositor não encontrado: Cruz, Antonio de la
❌ 1074709 / Compositor não encontrado: Cruz, Antonio de la
❌ 1077146 / Compositor não encontrado: Cruz, Antonio de la
❌ 1077180 / Compositor não encontrado: Cruz, Antonio de la
❌ 1077190 / Compositor não encontrado: Cruz, Antonio de la
✅ 1415706 / Melodía, PG 256 / INDIVIDUAL / Categorias: 0 / 
❌ 1087149 / Compositor não encontrado: Mencarini, Francesco
✅ 1157480 / Melon Bird Hornpipe / INDIVIDUAL / Categorias: 0 / 
❌ 1117050 / Compositor não encontrado: Ringle, Dave
❌ 82059 / Compositor não encontrado: Candi, Cándido
❌ 146239 / Compositor não encontrado: Roner, Andrew
✅ 1157484 / Melophone Hornpipe / INDIVIDUAL / Categorias: 0 / 
✅ 659802 / Melopoeia / INDIVIDUAL / Categorias: 0 / 
✅ 874947 / Melopoeza, Op.53 / INDIVIDUAL / Categorias: 0 / 
❌ 107277 / Compositor não encontrado: Tritonius, Petrus
✅ 1047583 / Melopée moderne ou l'art du chant / INDIVIDUAL / Categorias: 0 / 
❌ 820585 / Compositor não encontrado: Di Gregorio, Ubaldo
✅ 310434 / Melos / INDIVIDUAL / Categorias: 0 / 
✅ 203008 / Melothesia / INDIVIDUAL / Categorias: 0 / 
✅ 40551 / Melpomene / INDIVIDUAL / Categorias: 0 / 
❌ 1232113 / Compositor não encontrado: Elsbeth, Thomas
✅ 89259 / Melting Airs / INDIVIDUAL / Categorias: 0 / 
✅ 124389 / Melusina / INDIVIDUAL / Categorias: 0 / 
✅ 1148725 / Melusina, Op.55 / INDIVIDUAL / Categorias: 0 / 
✅ 827587 / Melusine, Op.24 / INDIVIDUAL / Categorias: 0 / 
✅ 973831 / Melusine, Op.44 / INDIVIDUAL / Categorias: 0 / 
✅ 1511542 / Melusine, Op.9 / INDIVIDUAL / Categorias: 0 / 
❌ 562521 / Compositor não encontrado: Sonnenfeld, Adolf Gustaw
✅ 396098 / Melænis / INDIVIDUAL / Categorias: 0 / 
❌ 1461708 / Compositor não encontrado: Effenberg, Rainer
❌ 1461718 / Compositor não encontrado: Effenberg, Rainer
✅ 1117053 / Mem-o-ries / INDIVIDUAL / Categorias: 0 / 
✅ 232995 / Membra Jesu Nostri, BuxWV 75 / INDIVIDUAL / Categorias: 0 / 
❌ 1035959 / Compositor não encontrado: Barboza, Julia A. de Almeida
❌ 1277989 / Compositor não encontrado: Wüst, Paulus
✅ 666204 / Memento / INDIVIDUAL / Categorias: 0 / 
❌ 1313890 / Compositor não encontrado: Araújo, Damião Barbosa de
✅ 840008 / Memento Creatoris tui / INDIVIDUAL / Categorias: 0 / 
✅ 1296923 / Memento Domine / INDIVIDUAL / Categorias: 0 / 
✅ 935397 / Memento Domine David / INDIVIDUAL / Categorias: 0 / 
❌ 598332 / Compositor não encontrado: Heinichen, Johann David
❌ 610083 / Compositor não encontrado: Zelenka, Jan Dismas
✅ 1179713 / Memento Grande / INDIVIDUAL / Categorias: 0 / 
✅ 473496 / Memento I / INDIVIDUAL / Categorias: 0 / 
✅ 473504 / Memento II / INDIVIDUAL / Categorias: 0 / 
✅ 1056448 / Memento Mori / INDIVIDUAL / Categorias: 0 / 
✅ 961119 / Memento capriccioso, Op.46 / INDIVIDUAL / Categorias: 0 / 
❌ 866039 / Compositor não encontrado: Raselius, Andreas
✅ 368035 / Memento homo, T 11 / INDIVIDUAL / Categorias: 0 / 
❌ 807655 / Compositor não encontrado: Morago, Estêvão Lopes
❌ 624183 / Compositor não encontrado: Lobo de Mesquita, Emerico
✅ 1069369 / Memento mei Deus / INDIVIDUAL / Categorias: 0 / 
✅ 1436337 / Memento mei o sacra Virgo / INDIVIDUAL / Categorias: 0 / 
✅ 473481 / Memento mei, CPM 189 / INDIVIDUAL / Categorias: 0 / 
✅ 362227 / Memento mori / INDIVIDUAL / Categorias: 0 / 
✅ 1269864 / Memento nomine David, H.155 / INDIVIDUAL / Categorias: 0 / 
✅ 1279180 / Memento peccati tui, LV 1038 / INDIVIDUAL / Categorias: 0 / 
✅ 729197 / Memento salutis auctor, T 110 / INDIVIDUAL / Categorias: 0 / 
✅ 661584 / Memento semper finis / INDIVIDUAL / Categorias: 0 / 
❌ 230324 / Compositor não encontrado: Johnston, Walter Russel
✅ 220005 / Memet / INDIVIDUAL / Categorias: 0 / 
✅ 322367 / Memnon / INDIVIDUAL / Categorias: 0 / 
✅ 39006 / Memnon, D.541 / INDIVIDUAL / Categorias: 0 / 
✅ 1001851 / Memoiren eines Künstlers, Op.13 / INDIVIDUAL / Categorias: 0 / 
✅ 197318 / Memoires russes No.1, Op.32 / INDIVIDUAL / Categorias: 0 / 
✅ 208236 / Memoires russes No.2, Op.33 / INDIVIDUAL / Categorias: 0 / 
✅ 208902 / Memoires russes No.3, Op.34 / INDIVIDUAL / Categorias: 0 / 
❌ 500417 / Compositor não encontrado: Munoz, Juan-Francisco
✅ 362024 / Memoirs of Uliana Rooney / INDIVIDUAL / Categorias: 0 / 
✅ 146769 / Memoirs of the Life and Writings of the Abate Metastasio / INDIVIDUAL / Categorias: 0 / 
❌ 221138 / Compositor não encontrado: Mainwaring, John
❌ 582591 / Compositor não encontrado: Lange, Gregor
✅ 1284324 / Memor esto verbi tui, LV 832 / INDIVIDUAL / Categorias: 0 / 
✅ 1292181 / Memor esto, PdPWV Mot068 / INDIVIDUAL / Categorias: 0 / 
✅ 976483 / Memorare / INDIVIDUAL / Categorias: 0 / 
❌ 882159 / Compositor não encontrado: Robert, Pierre
✅ 963627 / Memorare, Op.26 / INDIVIDUAL / Categorias: 0 / 
✅ 47456 / Memorare, prière à la très sainte vierge, Op.1 / INDIVIDUAL / Categorias: 0 / 
✅ 93074 / Memorial / INDIVIDUAL / Categorias: 0 / 
✅ 1092542 / Memorial 1651 / INDIVIDUAL / Categorias: 0 / 
❌ 740252 / Compositor não encontrado: Cattaneo, Pietro
❌ 740254 / Compositor não encontrado: Cattaneo, Pietro
✅ 208888 / Memorial Cantata, Op.65 / INDIVIDUAL / Categorias: 0 / 
✅ 920061 / Memorial Chimes / COLLABORATION / Categorias: 0 / 
❌ 1188323 / Compositor não encontrado: Coote, Mendelssohn
❌ 1117056 / Compositor não encontrado: Hall, L. M.
✅ 541864 / Memorial Service, Op.36 / INDIVIDUAL / Categorias: 0 / 
✅ 1425880 / Memorial Service, Op.6 / INDIVIDUAL / Categorias: 0 / 
✅ 1334956 / Memorial Suite / COMPLETE_WORK / Categorias: 0 / 
❌ 792033 / Compositor não encontrado: Pachman, Jason L.
✅ 1100818 / Memorial to Lidice, H.296 / INDIVIDUAL / Categorias: 0 / 
❌ 448698 / Compositor não encontrado: Curwen, John Spencer
✅ 1055394 / Memorias de tres flores / INDIVIDUAL / Categorias: 0 / 
✅ 1410312 / Memorias de un Estudiante, Op.43 / INDIVIDUAL / Categorias: 0 / 
✅ 1023622 / Memorie 'Don Giovanni', Op.150 / INDIVIDUAL / Categorias: 0 / 
✅ 206133 / Memorie d'amor! / INDIVIDUAL / Categorias: 0 / 
✅ 1108052 / Memorie storiche sulla restaurazione della musica sacra in Italia / INDIVIDUAL / Categorias: 0 / 
✅ 698784 / Memories (1973-2011) / INDIVIDUAL / Categorias: 0 / 
❌ 639831 / Compositor não encontrado: Clarke, Florrie Australie
❌ 905430 / Compositor não encontrado: Crespi, Valentina
✅ 868471 / Memories / INDIVIDUAL / Categorias: 0 / 
✅ 1234483 / Memories 1969 / INDIVIDUAL / Categorias: 0 / 
✅ 1472221 / Memories From The Future / INDIVIDUAL / Categorias: 0 / 
❌ 865424 / Compositor não encontrado: Various
✅ 30425 / Memories from Childhood, SO 66 / INDIVIDUAL / Categorias: 0 / 
✅ 427275 / Memories of Astor / INDIVIDUAL / Categorias: 0 / 
❌ 387650 / Compositor não encontrado: Macedo, Norberto
❌ 1119855 / Compositor não encontrado: Naegel, Dustin
❌ 1119855 / Compositor não encontrado: Naegel, Dustin Sebastian
✅ 517117 / Memories of Childhood / INDIVIDUAL / Categorias: 0 / 
❌ 1032083 / Compositor não encontrado: Morris, Samuel E.
✅ 1473391 / Memories of France / INDIVIDUAL / Categorias: 0 / 
✅ 204065 / Memories of Home, Op.60 / INDIVIDUAL / Categorias: 0 / 
✅ 1014993 / Memories of Leiria / INDIVIDUAL / Categorias: 0 / 
✅ 782256 / Memories of Love / INDIVIDUAL / Categorias: 0 / 
✅ 1519282 / Memories of My Childhood / COLLECTED_WORKS / Categorias: 0 / 
✅ 1479216 / Memories of Somewhere Else / INDIVIDUAL / Categorias: 0 / 
❌ 1497789 / Compositor não encontrado: Bohn, James
✅ 1361523 / Memories of Versailles / INDIVIDUAL / Categorias: 0 / 
✅ 1118497 / Memories of Wieniawski, Op.13 / INDIVIDUAL / Categorias: 0 / 
✅ 895407 / Memories of Youth, Op.11 / INDIVIDUAL / Categorias: 0 / 
✅ 198825 / Memories of a Musical Life / INDIVIDUAL / Categorias: 0 / 
✅ 293903 / Memories of a Musician / INDIVIDUAL / Categorias: 0 / 
❌ 1032069 / Compositor não encontrado: Laurendeau, Louis Philippe
✅ 1235502 / Memories per Sax Soprano / INDIVIDUAL / Categorias: 0 / 
✅ 566361 / Memories, Op.22 / INDIVIDUAL / Categorias: 0 / 
❌ 756890 / Compositor não encontrado: Küssner, Albert
✅ 26026 / Memories, Op.6 / INDIVIDUAL / Categorias: 0 / 
✅ 18153 / Memories, Op.71 / INDIVIDUAL / Categorias: 0 / 
❌ 1296433 / Compositor não encontrado: Mekaev, Alexander
✅ 668802 / Memory / INDIVIDUAL / Categorias: 0 / 
❌ 1117061 / Compositor não encontrado: Spier, Larry
✅ 597455 / Memory about Qingtiangang / INDIVIDUAL / Categorias: 0 / 
❌ 465379 / Compositor não encontrado: Diehl, Louis
✅ 920196 / Memory's Garden / INDIVIDUAL / Categorias: 0 / 
✅ 743083 / Memory's Refrain / INDIVIDUAL / Categorias: 0 / 
✅ 390250 / Memory, Op.66 / INDIVIDUAL / Categorias: 0 / 
❌ 1212624 / Compositor não encontrado: Rocha, Davi
✅ 322776 / Men and Angels, Op.51 / INDIVIDUAL / Categorias: 0 / 
✅ 1454067 / Men and Mountains / INDIVIDUAL / Categorias: 0 / 
✅ 1032059 / Men of Sparta / INDIVIDUAL / Categorias: 0 / 
✅ 560044 / Mena, mè! / INDIVIDUAL / Categorias: 0 / 
✅ 1217526 / Menalcas once the gayest swain / INDIVIDUAL / Categorias: 0 / 
❌ 686855 / Compositor não encontrado: Todino, Cesaro
✅ 453083 / Menando un giorno / INDIVIDUAL / Categorias: 0 / 
❌ 1355574 / Compositor não encontrado: Le Gall, André
✅ 197085 / Mendelssohn / INDIVIDUAL / Categorias: 0 / 
❌ 1216535 / Compositor não encontrado: Stapf, Ernst
✅ 122961 / Mendelssohn's Concerto in G minor, Reminiscence, Op.109b / INDIVIDUAL / Categorias: 0 / 
✅ 112983 / Mendelssohn's Midsummer Night's Dream, Op.76 / INDIVIDUAL / Categorias: 0 / 
✅ 113020 / Mendelssohn's Scotch Symphony, Paraphrase, Op.101 / INDIVIDUAL / Categorias: 0 / 
✅ 136882 / Mendelssohns Lieder, S.547 / INDIVIDUAL / Categorias: 0 / 
✅ 1189773 / Mending the Broken Net / INDIVIDUAL / Categorias: 0 / 
✅ 918604 / Meneksedes kai Zoumpoulia / INDIVIDUAL / Categorias: 0 / 
❌ 519430 / Compositor não encontrado: Kaynak, Sadettin
❌ 583714 / Compositor não encontrado: Carelli, Beniamino
✅ 1157490 / Mener, du, at den har Lykken fat / INDIVIDUAL / Categorias: 0 / 
✅ 471327 / Mengelberg Cantata / INDIVIDUAL / Categorias: 0 / 
✅ 665530 / Menil Antiphons / INDIVIDUAL / Categorias: 0 / 
✅ 1093288 / Menina que tem uma pose / INDIVIDUAL / Categorias: 0 / 
❌ 1353156 / Compositor não encontrado: Folk Songs, Brazilian
❌ 1086865 / Compositor não encontrado: Falcão Jr., B. J.
❌ 1346069 / Compositor não encontrado: Folk Songs, Brazilian
❌ 1056208 / Compositor não encontrado: Portapis, J. F. M.
✅ 994031 / Menino de ouro / INDIVIDUAL / Categorias: 0 / 
❌ 451765 / Compositor não encontrado: Holborne, Anthony
✅ 101358 / Mensa sonora / INDIVIDUAL / Categorias: 0 / 
✅ 14659 / Mensaje a Claudio Debussy / COLLECTED_WORKS / Categorias: 0 / 
✅ 1453984 / Mensch, willst du leben seliglich / INDIVIDUAL / Categorias: 0 / 
✅ 782076 / Mensch, willst du leben seliglich, BuxWV 206 / INDIVIDUAL / Categorias: 0 / 
❌ 113609 / Compositor não encontrado: Hellinck, Lupus
❌ 440443 / Compositor não encontrado: Walter, Johann
❌ 1338992 / Compositor não encontrado: Weisse, Michael
❌ 393525 / Compositor não encontrado: Lück, Stephan
❌ 562658 / Compositor não encontrado: Verspoell, Christoph Bernhard
✅ 1374662 / Menschen-haß-liebe-tier, Op.151 / INDIVIDUAL / Categorias: 0 / 
✅ 229197 / Menschenfeindlich / INDIVIDUAL / Categorias: 0 / 
✅ 82687 / Menschliche Nichtigkeit / INDIVIDUAL / Categorias: 0 / 
✅ 1208132 / Menschliches / INDIVIDUAL / Categorias: 0 / 
✅ 1294649 / Mensis Augusti / INDIVIDUAL / Categorias: 0 / 
✅ 641443 / Mensonge / INDIVIDUAL / Categorias: 0 / 
✅ 214412 / Mensonges / INDIVIDUAL / Categorias: 0 / 
✅ 1396723 / Mentally Unsound / COLLECTED_WORKS / Categorias: 0 / 
✅ 139776 / Menteuse chérie / INDIVIDUAL / Categorias: 0 / 
✅ 1454270 / Mentis oppressae / INDIVIDUAL / Categorias: 0 / 
❌ 579698 / Compositor não encontrado: Van der Meulen, Marc
✅ 508499 / Mentr'ameranno i nudi pesci l'onde / INDIVIDUAL / Categorias: 0 / 
✅ 669531 / Mentr'il mio miser core / INDIVIDUAL / Categorias: 0 / 
❌ 999638 / Compositor não encontrado: Flori, Giovanni
✅ 617777 / Mentre Eurillo fedele, H.416 / INDIVIDUAL / Categorias: 0 / 
✅ 684897 / Mentre Madonna il lasso fianco posa / INDIVIDUAL / Categorias: 0 / 
✅ 1298130 / Mentre a le dolci, PdPWV Mad016 / INDIVIDUAL / Categorias: 0 / 
✅ 628799 / Mentre affidan al mar di Cupido, H.441 / INDIVIDUAL / Categorias: 0 / 
✅ 353626 / Mentre al bel letto / INDIVIDUAL / Categorias: 0 / 
✅ 1247057 / Mentre canta l'augelletto / INDIVIDUAL / Categorias: 0 / 
✅ 446926 / Mentre ch'al mar, PdPWV Mad020 / INDIVIDUAL / Categorias: 0 / 
✅ 611853 / Mentre che 'l cor dagli amorosi vermi / INDIVIDUAL / Categorias: 0 / 
❌ 480549 / Compositor não encontrado: Gero, Jhan
✅ 1278187 / Mentre che'l cor, LV 8 / INDIVIDUAL / Categorias: 0 / 
❌ 577908 / Compositor não encontrado: Berchem, Jacquet de
✅ 356067 / Mentre dormi à Nice / INDIVIDUAL / Categorias: 0 / 
✅ 623292 / Mentre fia caldo il sol, fredda la neve / INDIVIDUAL / Categorias: 0 / 
✅ 202455 / Mentre fioriv’amor, LV 65 / INDIVIDUAL / Categorias: 0 / 
✅ 1299320 / Mentre il Ciel è sereno / INDIVIDUAL / Categorias: 0 / 
❌ 396143 / Compositor não encontrado: Caimo, Gioseppe
❌ 457360 / Compositor não encontrado: Handel, George Frideric
❌ 546995 / Compositor não encontrado: Mancini, Francesco
✅ 695399 / Mentre in placido sonno / INDIVIDUAL / Categorias: 0 / 
✅ 1278419 / Mentre io campai contento / INDIVIDUAL / Categorias: 0 / 
✅ 1220843 / Mentre io mirava fisso / INDIVIDUAL / Categorias: 0 / 
✅ 721823 / Mentre io tutta ripongo in Dio, S.610 / INDIVIDUAL / Categorias: 0 / 
✅ 1313073 / Mentre io vi miro / INDIVIDUAL / Categorias: 0 / 
✅ 483957 / Mentre l'aura spirò nel verde Lauro / INDIVIDUAL / Categorias: 0 / 
❌ 616796 / Compositor não encontrado: Striggio, Alessandro
✅ 999908 / Mentre la greggia errando / INDIVIDUAL / Categorias: 0 / 
✅ 1292733 / Mentre la notte al suo bel manto il lembo / INDIVIDUAL / Categorias: 0 / 
❌ 673738 / Compositor não encontrado: Striggio, Alessandro
❌ 1023656 / Compositor não encontrado: Striggio, Alessandro
✅ 670265 / Mentre stava Mirtillo / INDIVIDUAL / Categorias: 0 / 
✅ 625070 / Mentre sul far del giorno / INDIVIDUAL / Categorias: 0 / 
❌ 137129 / Compositor não encontrado: Mozart, Wolfgang Amadeus
❌ 1169045 / Compositor não encontrado: Ingegneri, Marc Antonio
✅ 1169540 / Mentre tu dormi / INDIVIDUAL / Categorias: 0 / 
❌ 524148 / Compositor não encontrado: Dell'Aquila, Serafino
❌ 456661 / Compositor não encontrado: Massaino, Tiburtio
✅ 578286 / Mentre, lumi maggior del secol nostro / INDIVIDUAL / Categorias: 0 / 
✅ 684913 / Mentre, mia stella miri / INDIVIDUAL / Categorias: 0 / 
✅ 1400270 / Menuet Suivons l'amour, VM7-6222, f.44 / INDIVIDUAL / Categorias: 0 / 
✅ 283556 / Menuet / INDIVIDUAL / Categorias: 0 / 
❌ 673776 / Compositor não encontrado: Vilbac, Renaud de
✅ 215047 / Menuet No.1 / INDIVIDUAL / Categorias: 0 / 
❌ 903049 / Compositor não encontrado: Beer, B.
✅ 226935 / Menuet No.2 / INDIVIDUAL / Categorias: 0 / 
✅ 208755 / Menuet No.3 / INDIVIDUAL / Categorias: 0 / 
✅ 143141 / Menuet No.4 / INDIVIDUAL / Categorias: 0 / 
✅ 924633 / Menuet Pompadour / INDIVIDUAL / Categorias: 0 / 
✅ 1086322 / Menuet Rococo / INDIVIDUAL / Categorias: 0 / 
✅ 940261 / Menuet Sévigné / INDIVIDUAL / Categorias: 0 / 
❌ 1037760 / Compositor não encontrado: Mullen, Alfred Frederic
✅ 498843 / Menuet after Gluck / INDIVIDUAL / Categorias: 0 / 
✅ 420261 / Menuet and Gavotte, Op.4 / INDIVIDUAL / Categorias: 0 / 
❌ 1121273 / Compositor não encontrado: Kiesewetter, Guenther
❌ 1488870 / Compositor não encontrado: Kranz, Johann Friedrich
✅ 7952 / Menuet antique, M.7 / INDIVIDUAL / Categorias: 0 / 
✅ 442134 / Menuet badin / INDIVIDUAL / Categorias: 0 / 
❌ 647906 / Compositor não encontrado: Neustedt, Charles
✅ 1257732 / Menuet by Boccherini / INDIVIDUAL / Categorias: 0 / 
✅ 632799 / Menuet con 5 Variazioni, H.44 / INDIVIDUAL / Categorias: 0 / 
✅ 756780 / Menuet con variazioni / INDIVIDUAL / Categorias: 0 / 
❌ 1418356 / Compositor não encontrado: Exaudet, André-Joseph
✅ 736620 / Menuet célèbre de Boccherini, Op.121 / INDIVIDUAL / Categorias: 0 / 
❌ 1198313 / Compositor não encontrado: Collignon, Gustave
❌ 915912 / Compositor não encontrado: Dedieu-Péters, Paul
✅ 827428 / Menuet de Bergame, Op.75 / INDIVIDUAL / Categorias: 0 / 
❌ 692819 / Compositor não encontrado: Normand, Marc Roger
❌ 692240 / Compositor não encontrado: Normand, Marc Roger
✅ Menuet de L. van Beethoven (Sgambati, Giovanni) / Menuet de L. van Beethoven / COLLECTED_WORKS / Categorias: 0 / 
✅ 828698 / Menuet de Marie Lesczynska, Op.23 / INDIVIDUAL / Categorias: 0 / 
❌ 909564 / Compositor não encontrado: Dedieu-Péters, Paul
✅ 1197691 / Menuet de Mozart / COLLECTED_WORKS / Categorias: 0 / 
✅ 1398725 / Menuet de Thalie No.1, VM7-6222, f.14 / INDIVIDUAL / Categorias: 0 / 
✅ 1398727 / Menuet de Thalie No.2, VM7-6222, f.14 / INDIVIDUAL / Categorias: 0 / 
❌ 912158 / Compositor não encontrado: Cavaillé, François-Alexis
❌ 320779 / Compositor não encontrado: Puget, Paul
✅ 918680 / Menuet de la poupée / INDIVIDUAL / Categorias: 0 / 
❌ 1259326 / Compositor não encontrado: Cros, Térence
✅ 445801 / Menuet de la reine / INDIVIDUAL / Categorias: 0 / 
❌ 439775 / Compositor não encontrado: Geng, Shiqi
❌ 895852 / Compositor não encontrado: Simon, François
✅ 1339644 / Menuet des pages / INDIVIDUAL / Categorias: 0 / 
✅ 849686 / Menuet des petits violons / INDIVIDUAL / Categorias: 0 / 
❌ 1125096 / Compositor não encontrado: Murcia, Santiago de
✅ 1340974 / Menuet du Tambour de Basque / INDIVIDUAL / Categorias: 0 / 
✅ 416003 / Menuet du XVIIIme. siècle, Op.36 / INDIVIDUAL / Categorias: 0 / 
✅ 844678 / Menuet du quintette célèbre de Boccherini, Op.360 / INDIVIDUAL / Categorias: 0 / 
✅ 675057 / Menuet du roi, Op.137 / INDIVIDUAL / Categorias: 0 / 
❌ 663095 / Compositor não encontrado: Lamothe, Georges
❌ 1252703 / Compositor não encontrado: David, Adolphe
✅ 760214 / Menuet du régent, Op.25 / INDIVIDUAL / Categorias: 0 / 
❌ 1009599 / Compositor não encontrado: Maingueneau, Louis
❌ 691417 / Compositor não encontrado: Normand, Marc Roger
✅ 1018488 / Menuet en Rondeau, RCT 4 / INDIVIDUAL / Categorias: 0 / 
❌ 988893 / Compositor não encontrado: Balorre, Charles de
❌ 1198211 / Compositor não encontrado: Cobbs, A. P. H.
✅ 838325 / Menuet et galop de 'Orphée aux enfers', Op.128 / INDIVIDUAL / Categorias: 0 / 
✅ 155993 / Menuet et gavotte, Op.135 / INDIVIDUAL / Categorias: 0 / 
✅ 1322417 / Menuet et petit Allegro / COLLECTED_WORKS / Categorias: 0 / 
✅ 18226 / Menuet et valse, Op.56 / INDIVIDUAL / Categorias: 0 / 
❌ 1195240 / Compositor não encontrado: Murcia, Santiago de
❌ 476213 / Compositor não encontrado: Böhm, Georg
❌ 728691 / Compositor não encontrado: Konopasek, Feliks
✅ 1351258 / Menuet favori / INDIVIDUAL / Categorias: 0 / 
✅ 416313 / Menuet favori du Dauphin, Op.121 / INDIVIDUAL / Categorias: 0 / 
✅ 562281 / Menuet favori, Op.155 / INDIVIDUAL / Categorias: 0 / 
✅ 476372 / Menuet favori, Op.63 / INDIVIDUAL / Categorias: 0 / 
✅ 823633 / Menuet for 2 Horns, TWV 40:110 / INDIVIDUAL / Categorias: 0 / 
❌ 1311317 / Compositor não encontrado: Welsman, Frank Squire
✅ 52706 / Menuet for Wind Quintet / INDIVIDUAL / Categorias: 0 / 
✅ 430250 / Menuet galant, Op.129 / INDIVIDUAL / Categorias: 0 / 
✅ 56153 / Menuet hongrois, Op.275 / INDIVIDUAL / Categorias: 0 / 
✅ 956125 / Menuet in A major / INDIVIDUAL / Categorias: 0 / 
✅ 1321880 / Menuet in A major, D-B Mus.ms.38050-11 / INDIVIDUAL / Categorias: 0 / 
✅ 1329818 / Menuet in A major, D-B Mus.ms.38050-3 / INDIVIDUAL / Categorias: 0 / 
✅ 1488467 / Menuet in A major, EngK 109 / INDIVIDUAL / Categorias: 0 / 
✅ 1305016 / Menuet in A major, EngK 71 / INDIVIDUAL / Categorias: 0 / 
✅ 1314044 / Menuet in A major, EngK 96 / INDIVIDUAL / Categorias: 0 / 
✅ 1314052 / Menuet in A major, EngK 97 / INDIVIDUAL / Categorias: 0 / 
✅ 1488288 / Menuet in A minor, EngK 101 / INDIVIDUAL / Categorias: 0 / 
❌ 1521563 / Compositor não encontrado: Domaniewski, Bolesław
✅ 1488475 / Menuet in A-flat major, EngK 114 / INDIVIDUAL / Categorias: 0 / 
❌ Menuet in B minor (Buttstett, Johann Heinrich) / Compositor não encontrado: Buttstett, Johann Heinrich
✅ 404441 / Menuet in B minor / INDIVIDUAL / Categorias: 0 / 
✅ 646496 / Menuet in B-flat major / INDIVIDUAL / Categorias: 0 / 
✅ 1316060 / Menuet in B-flat major, EngK 100 / INDIVIDUAL / Categorias: 0 / 
✅ 1307271 / Menuet in B-flat major, EngK 110 / INDIVIDUAL / Categorias: 0 / 
✅ 1488469 / Menuet in B-flat major, EngK 111 / INDIVIDUAL / Categorias: 0 / 
✅ 1488216 / Menuet in B-flat major, EngK 72 / INDIVIDUAL / Categorias: 0 / 
❌ 337616 / Compositor não encontrado: Anet, Jean Baptiste
❌ 1348680 / Compositor não encontrado: Laporta, Isidoro de
✅ 1450529 / Menuet in C major / INDIVIDUAL / Categorias: 0 / 
✅ 1316014 / Menuet in C major, EngK 92 / INDIVIDUAL / Categorias: 0 / 
✅ 1488290 / Menuet in C major, EngK 93 / INDIVIDUAL / Categorias: 0 / 
✅ 660674 / Menuet in C major, H.216 / INDIVIDUAL / Categorias: 0 / 
✅ 1188623 / Menuet in D major / INDIVIDUAL / Categorias: 0 / 
✅ 660331 / Menuet in D major, BR A 46 / INDIVIDUAL / Categorias: 0 / 
✅ 1311884 / Menuet in D major, D-B Mus.ms. SA 4159-21 / INDIVIDUAL / Categorias: 0 / 
✅ 1329822 / Menuet in D major, D-B Mus.ms.38050-21 / INDIVIDUAL / Categorias: 0 / 
✅ 1307273 / Menuet in D major, EngK 105 / INDIVIDUAL / Categorias: 0 / 
✅ 1488463 / Menuet in D major, EngK 106 / INDIVIDUAL / Categorias: 0 / 
✅ 1307272 / Menuet in D major, EngK 107 / INDIVIDUAL / Categorias: 0 / 
✅ 1488483 / Menuet in D major, EngK 118 / INDIVIDUAL / Categorias: 0 / 
✅ 1294196 / Menuet in D major, EngK 127 / INDIVIDUAL / Categorias: 0 / 
✅ 1316034 / Menuet in D major, EngK 94 / INDIVIDUAL / Categorias: 0 / 
✅ 1314041 / Menuet in D major, EngK 95 / INDIVIDUAL / Categorias: 0 / 
✅ 1314039 / Menuet in D major, EngK 98 / INDIVIDUAL / Categorias: 0 / 
✅ 1316056 / Menuet in D major, EngK 99 / INDIVIDUAL / Categorias: 0 / 
❌ 525618 / Compositor não encontrado: Handel, George Frideric
✅ 193873 / Menuet in D minor / INDIVIDUAL / Categorias: 0 / 
❌ 1080337 / Compositor não encontrado: Schale, Christian Friedrich
✅ 1488471 / Menuet in E major, EngK 112 / INDIVIDUAL / Categorias: 0 / 
✅ 1488473 / Menuet in E major, EngK 113 / INDIVIDUAL / Categorias: 0 / 
✅ 1488479 / Menuet in E major, EngK 116 / INDIVIDUAL / Categorias: 0 / 
✅ 1488481 / Menuet in E major, EngK 117 / INDIVIDUAL / Categorias: 0 / 
✅ 1295968 / Menuet in E major, EngK 128 / INDIVIDUAL / Categorias: 0 / 
✅ 1303222 / Menuet in E major, EngK 19 / INDIVIDUAL / Categorias: 0 / 
✅ 1305017 / Menuet in E major, EngK 55 / INDIVIDUAL / Categorias: 0 / 
✅ 1488021 / Menuet in E major, EngK 56 / INDIVIDUAL / Categorias: 0 / 
✅ 924197 / Menuet in E minor / INDIVIDUAL / Categorias: 0 / 
✅ 1488465 / Menuet in E minor, EngK 108 / INDIVIDUAL / Categorias: 0 / 
✅ 1465426 / Menuet in E-flat major / INDIVIDUAL / Categorias: 0 / 
✅ 1511960 / Menuet in F major 'Blumenlese...' / INDIVIDUAL / Categorias: 0 / 
❌ 884238 / Compositor não encontrado: Berg, Alban
❌ 650853 / Compositor não encontrado: Blatch, George Francis
✅ 1451540 / Menuet in F major / INDIVIDUAL / Categorias: 0 / 
✅ 1321882 / Menuet in F major, D-B Mus.ms.38050-13 / INDIVIDUAL / Categorias: 0 / 
✅ 1307274 / Menuet in F major, EngK 104 / INDIVIDUAL / Categorias: 0 / 
✅ 660676 / Menuet in F major, H.218 / INDIVIDUAL / Categorias: 0 / 
✅ 752524 / Menuet in G major / INDIVIDUAL / Categorias: 0 / 
✅ 1488214 / Menuet in G major, EngK 70 / INDIVIDUAL / Categorias: 0 / 
✅ 1488277 / Menuet in G major, EngK 90 / INDIVIDUAL / Categorias: 0 / 
✅ 1307269 / Menuet in G major, SF 6 / INDIVIDUAL / Categorias: 0 / 
❌ 1160540 / Compositor não encontrado: Wayawa, D. Diakanua
✅ 1488477 / Menuet in G-sharp minor, EngK 115 / INDIVIDUAL / Categorias: 0 / 
✅ 1114389 / Menuet lyrique op. 37 nr 1 / INDIVIDUAL / Categorias: 0 / 
❌ 1170573 / Compositor não encontrado: Conrath, Louis
✅ 924187 / Menuet nuptial, Op.24 / INDIVIDUAL / Categorias: 0 / 
❌ 855474 / Compositor não encontrado: Binet, Frédéric
❌ 968677 / Compositor não encontrado: Wachs, Paul
✅ 1343364 / Menuet pour Casals / INDIVIDUAL / Categorias: 0 / 
✅ 61314 / Menuet pour Monsieur Frère du Roy, Op.5 / INDIVIDUAL / Categorias: 0 / 
❌ 686511 / Compositor não encontrado: Foscarina, Mario
✅ 916626 / Menuet renaissance / INDIVIDUAL / Categorias: 0 / 
✅ 961601 / Menuet rococo / INDIVIDUAL / Categorias: 0 / 
❌ 647913 / Compositor não encontrado: Neustedt, Charles
✅ 29091 / Menuet sur le nom d'Haydn, M.58 / INDIVIDUAL / Categorias: 0 / 
✅ 19344 / Menuet sur le nom d’Haydn, Op.65 / INDIVIDUAL / Categorias: 0 / 
✅ 1444411 / Menuet symphonique, Op.57 / INDIVIDUAL / Categorias: 0 / 
